/opt/homebrew/lib/python3.11/site-packages/airflow/serialization/pydantic/job.py:31 PydanticDeprecatedSince20: Support for class-based `config` is deprecated, use ConfigDict instead. Deprecated in Pydantic V2.0 to be removed in V3.0. See Pydantic V2 Migration Guide at https://errors.pydantic.dev/2.12/migration/
/opt/homebrew/lib/python3.11/site-packages/airflow/serialization/pydantic/dataset.py:23 PydanticDeprecatedSince20: Support for class-based `config` is deprecated, use ConfigDict instead. Deprecated in Pydantic V2.0 to be removed in V3.0. See Pydantic V2 Migration Guide at https://errors.pydantic.dev/2.12/migration/
/opt/homebrew/lib/python3.11/site-packages/airflow/serialization/pydantic/dataset.py:38 PydanticDeprecatedSince20: Support for class-based `config` is deprecated, use ConfigDict instead. Deprecated in Pydantic V2.0 to be removed in V3.0. See Pydantic V2 Migration Guide at https://errors.pydantic.dev/2.12/migration/
/opt/homebrew/lib/python3.11/site-packages/airflow/serialization/pydantic/dataset.py:54 PydanticDeprecatedSince20: Support for class-based `config` is deprecated, use ConfigDict instead. Deprecated in Pydantic V2.0 to be removed in V3.0. See Pydantic V2 Migration Guide at https://errors.pydantic.dev/2.12/migration/
/opt/homebrew/lib/python3.11/site-packages/airflow/serialization/pydantic/dataset.py:74 PydanticDeprecatedSince20: Support for class-based `config` is deprecated, use ConfigDict instead. Deprecated in Pydantic V2.0 to be removed in V3.0. See Pydantic V2 Migration Guide at https://errors.pydantic.dev/2.12/migration/
/opt/homebrew/lib/python3.11/site-packages/airflow/serialization/pydantic/dag_run.py:26 PydanticDeprecatedSince20: Support for class-based `config` is deprecated, use ConfigDict instead. Deprecated in Pydantic V2.0 to be removed in V3.0. See Pydantic V2 Migration Guide at https://errors.pydantic.dev/2.12/migration/
/opt/homebrew/lib/python3.11/site-packages/airflow/serialization/pydantic/taskinstance.py:27 PydanticDeprecatedSince20: Support for class-based `config` is deprecated, use ConfigDict instead. Deprecated in Pydantic V2.0 to be removed in V3.0. See Pydantic V2 Migration Guide at https://errors.pydantic.dev/2.12/migration/
/opt/homebrew/lib/python3.11/site-packages/flask_limiter/extension.py:336 UserWarning: Using the in-memory storage for tracking rate limits as no storage was explicitly specified. This is not recommended for production use. See: https://flask-limiter.readthedocs.io#configuring-a-storage-backend for documentation about configuring the storage backend.
[[34m2026-02-28T21:53:33.779+0500[0m] {[34mmanager.py:[0m499} INFO[0m - Created Permission View: %s[0m
[[34m2026-02-28T21:53:33.781+0500[0m] {[34mmanager.py:[0m555} INFO[0m - Added Permission %s to role %s[0m
[[34m2026-02-28T21:53:33.783+0500[0m] {[34mmanager.py:[0m499} INFO[0m - Created Permission View: %s[0m
[[34m2026-02-28T21:53:33.784+0500[0m] {[34mmanager.py:[0m555} INFO[0m - Added Permission %s to role %s[0m
[[34m2026-02-28T21:53:33.787+0500[0m] {[34mmanager.py:[0m499} INFO[0m - Created Permission View: %s[0m
[[34m2026-02-28T21:53:33.789+0500[0m] {[34mmanager.py:[0m555} INFO[0m - Added Permission %s to role %s[0m
[[34m2026-02-28T21:53:33.790+0500[0m] {[34mmanager.py:[0m499} INFO[0m - Created Permission View: %s[0m
[[34m2026-02-28T21:53:33.792+0500[0m] {[34mmanager.py:[0m555} INFO[0m - Added Permission %s to role %s[0m
[[34m2026-02-28T21:53:33.793+0500[0m] {[34mmanager.py:[0m499} INFO[0m - Created Permission View: %s[0m
[[34m2026-02-28T21:53:33.795+0500[0m] {[34mmanager.py:[0m555} INFO[0m - Added Permission %s to role %s[0m
[[34m2026-02-28T21:53:33.799+0500[0m] {[34mmanager.py:[0m499} INFO[0m - Created Permission View: %s[0m
[[34m2026-02-28T21:53:33.800+0500[0m] {[34mmanager.py:[0m555} INFO[0m - Added Permission %s to role %s[0m
[[34m2026-02-28T21:53:33.808+0500[0m] {[34mmanager.py:[0m499} INFO[0m - Created Permission View: %s[0m
[[34m2026-02-28T21:53:33.809+0500[0m] {[34mmanager.py:[0m555} INFO[0m - Added Permission %s to role %s[0m
[[34m2026-02-28T21:53:33.811+0500[0m] {[34mmanager.py:[0m499} INFO[0m - Created Permission View: %s[0m
[[34m2026-02-28T21:53:33.813+0500[0m] {[34mmanager.py:[0m555} INFO[0m - Added Permission %s to role %s[0m
[[34m2026-02-28T21:53:33.821+0500[0m] {[34mmanager.py:[0m499} INFO[0m - Created Permission View: %s[0m
[[34m2026-02-28T21:53:33.823+0500[0m] {[34mmanager.py:[0m555} INFO[0m - Added Permission %s to role %s[0m
[[34m2026-02-28T21:53:33.825+0500[0m] {[34mmanager.py:[0m499} INFO[0m - Created Permission View: %s[0m
[[34m2026-02-28T21:53:33.827+0500[0m] {[34mmanager.py:[0m555} INFO[0m - Added Permission %s to role %s[0m
[[34m2026-02-28T21:53:33.836+0500[0m] {[34mmanager.py:[0m499} INFO[0m - Created Permission View: %s[0m
[[34m2026-02-28T21:53:33.838+0500[0m] {[34mmanager.py:[0m555} INFO[0m - Added Permission %s to role %s[0m
[[34m2026-02-28T21:53:33.839+0500[0m] {[34mmanager.py:[0m499} INFO[0m - Created Permission View: %s[0m
[[34m2026-02-28T21:53:33.841+0500[0m] {[34mmanager.py:[0m555} INFO[0m - Added Permission %s to role %s[0m
[[34m2026-02-28T21:53:33.843+0500[0m] {[34mmanager.py:[0m499} INFO[0m - Created Permission View: %s[0m
[[34m2026-02-28T21:53:33.844+0500[0m] {[34mmanager.py:[0m555} INFO[0m - Added Permission %s to role %s[0m
[[34m2026-02-28T21:53:33.846+0500[0m] {[34mmanager.py:[0m499} INFO[0m - Created Permission View: %s[0m
[[34m2026-02-28T21:53:33.848+0500[0m] {[34mmanager.py:[0m555} INFO[0m - Added Permission %s to role %s[0m
[[34m2026-02-28T21:53:33.849+0500[0m] {[34mmanager.py:[0m499} INFO[0m - Created Permission View: %s[0m
[[34m2026-02-28T21:53:33.851+0500[0m] {[34mmanager.py:[0m555} INFO[0m - Added Permission %s to role %s[0m
[[34m2026-02-28T21:53:33.855+0500[0m] {[34mmanager.py:[0m499} INFO[0m - Created Permission View: %s[0m
[[34m2026-02-28T21:53:33.857+0500[0m] {[34mmanager.py:[0m555} INFO[0m - Added Permission %s to role %s[0m
[[34m2026-02-28T21:53:33.866+0500[0m] {[34mmanager.py:[0m499} INFO[0m - Created Permission View: %s[0m
[[34m2026-02-28T21:53:33.868+0500[0m] {[34mmanager.py:[0m555} INFO[0m - Added Permission %s to role %s[0m
[[34m2026-02-28T21:53:33.871+0500[0m] {[34mmanager.py:[0m499} INFO[0m - Created Permission View: %s[0m
[[34m2026-02-28T21:53:33.876+0500[0m] {[34mmanager.py:[0m555} INFO[0m - Added Permission %s to role %s[0m
[[34m2026-02-28T21:53:33.878+0500[0m] {[34mmanager.py:[0m499} INFO[0m - Created Permission View: %s[0m
[[34m2026-02-28T21:53:33.879+0500[0m] {[34mmanager.py:[0m555} INFO[0m - Added Permission %s to role %s[0m
[[34m2026-02-28T21:53:33.881+0500[0m] {[34mmanager.py:[0m499} INFO[0m - Created Permission View: %s[0m
[[34m2026-02-28T21:53:33.883+0500[0m] {[34mmanager.py:[0m555} INFO[0m - Added Permission %s to role %s[0m
[[34m2026-02-28T21:53:33.884+0500[0m] {[34mmanager.py:[0m499} INFO[0m - Created Permission View: %s[0m
[[34m2026-02-28T21:53:33.886+0500[0m] {[34mmanager.py:[0m555} INFO[0m - Added Permission %s to role %s[0m
[[34m2026-02-28T21:53:33.928+0500[0m] {[34mmanager.py:[0m499} INFO[0m - Created Permission View: %s[0m
[[34m2026-02-28T21:53:33.930+0500[0m] {[34mmanager.py:[0m555} INFO[0m - Added Permission %s to role %s[0m
[[34m2026-02-28T21:53:33.931+0500[0m] {[34mmanager.py:[0m499} INFO[0m - Created Permission View: %s[0m
[[34m2026-02-28T21:53:33.933+0500[0m] {[34mmanager.py:[0m555} INFO[0m - Added Permission %s to role %s[0m
[[34m2026-02-28T21:53:33.943+0500[0m] {[34mmanager.py:[0m499} INFO[0m - Created Permission View: %s[0m
[[34m2026-02-28T21:53:33.945+0500[0m] {[34mmanager.py:[0m555} INFO[0m - Added Permission %s to role %s[0m
[[34m2026-02-28T21:53:33.947+0500[0m] {[34mmanager.py:[0m499} INFO[0m - Created Permission View: %s[0m
[[34m2026-02-28T21:53:33.948+0500[0m] {[34mmanager.py:[0m555} INFO[0m - Added Permission %s to role %s[0m
[[34m2026-02-28T21:53:33.953+0500[0m] {[34mmanager.py:[0m499} INFO[0m - Created Permission View: %s[0m
[[34m2026-02-28T21:53:33.955+0500[0m] {[34mmanager.py:[0m555} INFO[0m - Added Permission %s to role %s[0m
[[34m2026-02-28T21:53:33.957+0500[0m] {[34mmanager.py:[0m499} INFO[0m - Created Permission View: %s[0m
[[34m2026-02-28T21:53:33.958+0500[0m] {[34mmanager.py:[0m555} INFO[0m - Added Permission %s to role %s[0m
[[34m2026-02-28T21:53:33.968+0500[0m] {[34mmanager.py:[0m499} INFO[0m - Created Permission View: %s[0m
[[34m2026-02-28T21:53:33.969+0500[0m] {[34mmanager.py:[0m555} INFO[0m - Added Permission %s to role %s[0m
[[34m2026-02-28T21:53:33.971+0500[0m] {[34mmanager.py:[0m499} INFO[0m - Created Permission View: %s[0m
[[34m2026-02-28T21:53:33.973+0500[0m] {[34mmanager.py:[0m555} INFO[0m - Added Permission %s to role %s[0m
[[34m2026-02-28T21:53:33.974+0500[0m] {[34mmanager.py:[0m499} INFO[0m - Created Permission View: %s[0m
[[34m2026-02-28T21:53:33.976+0500[0m] {[34mmanager.py:[0m555} INFO[0m - Added Permission %s to role %s[0m
[[34m2026-02-28T21:53:33.978+0500[0m] {[34mmanager.py:[0m499} INFO[0m - Created Permission View: %s[0m
[[34m2026-02-28T21:53:33.979+0500[0m] {[34mmanager.py:[0m555} INFO[0m - Added Permission %s to role %s[0m
[[34m2026-02-28T21:53:33.981+0500[0m] {[34mmanager.py:[0m499} INFO[0m - Created Permission View: %s[0m
[[34m2026-02-28T21:53:33.983+0500[0m] {[34mmanager.py:[0m555} INFO[0m - Added Permission %s to role %s[0m
[[34m2026-02-28T21:53:33.992+0500[0m] {[34mmanager.py:[0m499} INFO[0m - Created Permission View: %s[0m
[[34m2026-02-28T21:53:33.994+0500[0m] {[34mmanager.py:[0m555} INFO[0m - Added Permission %s to role %s[0m
[[34m2026-02-28T21:53:33.995+0500[0m] {[34mmanager.py:[0m499} INFO[0m - Created Permission View: %s[0m
[[34m2026-02-28T21:53:33.997+0500[0m] {[34mmanager.py:[0m555} INFO[0m - Added Permission %s to role %s[0m
[[34m2026-02-28T21:53:33.999+0500[0m] {[34mmanager.py:[0m499} INFO[0m - Created Permission View: %s[0m
[[34m2026-02-28T21:53:34.001+0500[0m] {[34mmanager.py:[0m555} INFO[0m - Added Permission %s to role %s[0m
[[34m2026-02-28T21:53:34.003+0500[0m] {[34mmanager.py:[0m499} INFO[0m - Created Permission View: %s[0m
[[34m2026-02-28T21:53:34.005+0500[0m] {[34mmanager.py:[0m555} INFO[0m - Added Permission %s to role %s[0m
[[34m2026-02-28T21:53:34.007+0500[0m] {[34mmanager.py:[0m499} INFO[0m - Created Permission View: %s[0m
[[34m2026-02-28T21:53:34.009+0500[0m] {[34mmanager.py:[0m555} INFO[0m - Added Permission %s to role %s[0m
[[34m2026-02-28T21:53:34.011+0500[0m] {[34mmanager.py:[0m499} INFO[0m - Created Permission View: %s[0m
[[34m2026-02-28T21:53:34.012+0500[0m] {[34mmanager.py:[0m555} INFO[0m - Added Permission %s to role %s[0m
[[34m2026-02-28T21:53:34.014+0500[0m] {[34mmanager.py:[0m499} INFO[0m - Created Permission View: %s[0m
[[34m2026-02-28T21:53:34.016+0500[0m] {[34mmanager.py:[0m555} INFO[0m - Added Permission %s to role %s[0m
[[34m2026-02-28T21:53:34.022+0500[0m] {[34mmanager.py:[0m499} INFO[0m - Created Permission View: %s[0m
[[34m2026-02-28T21:53:34.024+0500[0m] {[34mmanager.py:[0m555} INFO[0m - Added Permission %s to role %s[0m
[[34m2026-02-28T21:53:34.026+0500[0m] {[34mmanager.py:[0m499} INFO[0m - Created Permission View: %s[0m
[[34m2026-02-28T21:53:34.027+0500[0m] {[34mmanager.py:[0m555} INFO[0m - Added Permission %s to role %s[0m
[[34m2026-02-28T21:53:34.033+0500[0m] {[34mmanager.py:[0m499} INFO[0m - Created Permission View: %s[0m
[[34m2026-02-28T21:53:34.035+0500[0m] {[34mmanager.py:[0m555} INFO[0m - Added Permission %s to role %s[0m
[[34m2026-02-28T21:53:34.036+0500[0m] {[34mmanager.py:[0m499} INFO[0m - Created Permission View: %s[0m
[[34m2026-02-28T21:53:34.038+0500[0m] {[34mmanager.py:[0m555} INFO[0m - Added Permission %s to role %s[0m
[[34m2026-02-28T21:53:34.047+0500[0m] {[34mmanager.py:[0m499} INFO[0m - Created Permission View: %s[0m
[[34m2026-02-28T21:53:34.049+0500[0m] {[34mmanager.py:[0m555} INFO[0m - Added Permission %s to role %s[0m
[[34m2026-02-28T21:53:34.051+0500[0m] {[34mmanager.py:[0m499} INFO[0m - Created Permission View: %s[0m
[[34m2026-02-28T21:53:34.053+0500[0m] {[34mmanager.py:[0m555} INFO[0m - Added Permission %s to role %s[0m
[[34m2026-02-28T21:53:34.054+0500[0m] {[34mmanager.py:[0m499} INFO[0m - Created Permission View: %s[0m
[[34m2026-02-28T21:53:34.056+0500[0m] {[34mmanager.py:[0m555} INFO[0m - Added Permission %s to role %s[0m
[[34m2026-02-28T21:53:34.058+0500[0m] {[34mmanager.py:[0m499} INFO[0m - Created Permission View: %s[0m
[[34m2026-02-28T21:53:34.060+0500[0m] {[34mmanager.py:[0m555} INFO[0m - Added Permission %s to role %s[0m
[[34m2026-02-28T21:53:34.061+0500[0m] {[34mmanager.py:[0m499} INFO[0m - Created Permission View: %s[0m
[[34m2026-02-28T21:53:34.063+0500[0m] {[34mmanager.py:[0m555} INFO[0m - Added Permission %s to role %s[0m
[[34m2026-02-28T21:53:34.073+0500[0m] {[34mmanager.py:[0m499} INFO[0m - Created Permission View: %s[0m
[[34m2026-02-28T21:53:34.075+0500[0m] {[34mmanager.py:[0m555} INFO[0m - Added Permission %s to role %s[0m
[[34m2026-02-28T21:53:34.076+0500[0m] {[34mmanager.py:[0m499} INFO[0m - Created Permission View: %s[0m
[[34m2026-02-28T21:53:34.078+0500[0m] {[34mmanager.py:[0m555} INFO[0m - Added Permission %s to role %s[0m
[[34m2026-02-28T21:53:34.080+0500[0m] {[34mmanager.py:[0m499} INFO[0m - Created Permission View: %s[0m
[[34m2026-02-28T21:53:34.082+0500[0m] {[34mmanager.py:[0m555} INFO[0m - Added Permission %s to role %s[0m
[[34m2026-02-28T21:53:34.084+0500[0m] {[34mmanager.py:[0m499} INFO[0m - Created Permission View: %s[0m
[[34m2026-02-28T21:53:34.085+0500[0m] {[34mmanager.py:[0m555} INFO[0m - Added Permission %s to role %s[0m
[[34m2026-02-28T21:53:34.093+0500[0m] {[34mmanager.py:[0m499} INFO[0m - Created Permission View: %s[0m
[[34m2026-02-28T21:53:34.095+0500[0m] {[34mmanager.py:[0m555} INFO[0m - Added Permission %s to role %s[0m
[[34m2026-02-28T21:53:34.100+0500[0m] {[34mmanager.py:[0m499} INFO[0m - Created Permission View: %s[0m
[[34m2026-02-28T21:53:34.103+0500[0m] {[34mmanager.py:[0m555} INFO[0m - Added Permission %s to role %s[0m
[[34m2026-02-28T21:53:34.106+0500[0m] {[34mmanager.py:[0m499} INFO[0m - Created Permission View: %s[0m
[[34m2026-02-28T21:53:34.108+0500[0m] {[34mmanager.py:[0m555} INFO[0m - Added Permission %s to role %s[0m
[[34m2026-02-28T21:53:34.111+0500[0m] {[34mmanager.py:[0m499} INFO[0m - Created Permission View: %s[0m
[[34m2026-02-28T21:53:34.113+0500[0m] {[34mmanager.py:[0m555} INFO[0m - Added Permission %s to role %s[0m
[[34m2026-02-28T21:53:34.116+0500[0m] {[34mmanager.py:[0m499} INFO[0m - Created Permission View: %s[0m
[[34m2026-02-28T21:53:34.118+0500[0m] {[34mmanager.py:[0m555} INFO[0m - Added Permission %s to role %s[0m
[[34m2026-02-28T21:53:34.121+0500[0m] {[34mmanager.py:[0m499} INFO[0m - Created Permission View: %s[0m
[[34m2026-02-28T21:53:34.123+0500[0m] {[34mmanager.py:[0m555} INFO[0m - Added Permission %s to role %s[0m
[[34m2026-02-28T21:53:34.260+0500[0m] {[34mmanager.py:[0m499} INFO[0m - Created Permission View: %s[0m
[[34m2026-02-28T21:53:34.263+0500[0m] {[34mmanager.py:[0m499} INFO[0m - Created Permission View: %s[0m
[[34m2026-02-28T21:53:34.266+0500[0m] {[34mmanager.py:[0m499} INFO[0m - Created Permission View: %s[0m
[[34m2026-02-28T21:53:34.306+0500[0m] {[34mmanager.py:[0m499} INFO[0m - Created Permission View: %s[0m
[[34m2026-02-28T21:53:34.357+0500[0m] {[34mmanager.py:[0m499} INFO[0m - Created Permission View: %s[0m
[[34m2026-02-28T21:53:34.385+0500[0m] {[34mmanager.py:[0m499} INFO[0m - Created Permission View: %s[0m
[[34m2026-02-28T21:53:34.390+0500[0m] {[34mmanager.py:[0m499} INFO[0m - Created Permission View: %s[0m
[[34m2026-02-28T21:53:34.433+0500[0m] {[34mmanager.py:[0m239} INFO[0m - Inserted Role: %s[0m
[[34m2026-02-28T21:53:34.435+0500[0m] {[34mmanager.py:[0m555} INFO[0m - Added Permission %s to role %s[0m
[[34m2026-02-28T21:53:34.436+0500[0m] {[34mmanager.py:[0m555} INFO[0m - Added Permission %s to role %s[0m
[[34m2026-02-28T21:53:34.438+0500[0m] {[34mmanager.py:[0m499} INFO[0m - Created Permission View: %s[0m
[[34m2026-02-28T21:53:34.439+0500[0m] {[34mmanager.py:[0m555} INFO[0m - Added Permission %s to role %s[0m
[[34m2026-02-28T21:53:34.440+0500[0m] {[34mmanager.py:[0m555} INFO[0m - Added Permission %s to role %s[0m
[[34m2026-02-28T21:53:34.441+0500[0m] {[34mmanager.py:[0m555} INFO[0m - Added Permission %s to role %s[0m
[[34m2026-02-28T21:53:34.442+0500[0m] {[34mmanager.py:[0m555} INFO[0m - Added Permission %s to role %s[0m
[[34m2026-02-28T21:53:34.444+0500[0m] {[34mmanager.py:[0m499} INFO[0m - Created Permission View: %s[0m
[[34m2026-02-28T21:53:34.445+0500[0m] {[34mmanager.py:[0m555} INFO[0m - Added Permission %s to role %s[0m
[[34m2026-02-28T21:53:34.446+0500[0m] {[34mmanager.py:[0m555} INFO[0m - Added Permission %s to role %s[0m
[[34m2026-02-28T21:53:34.447+0500[0m] {[34mmanager.py:[0m555} INFO[0m - Added Permission %s to role %s[0m
[[34m2026-02-28T21:53:34.448+0500[0m] {[34mmanager.py:[0m555} INFO[0m - Added Permission %s to role %s[0m
[[34m2026-02-28T21:53:34.449+0500[0m] {[34mmanager.py:[0m555} INFO[0m - Added Permission %s to role %s[0m
[[34m2026-02-28T21:53:34.450+0500[0m] {[34mmanager.py:[0m555} INFO[0m - Added Permission %s to role %s[0m
[[34m2026-02-28T21:53:34.452+0500[0m] {[34mmanager.py:[0m555} INFO[0m - Added Permission %s to role %s[0m
[[34m2026-02-28T21:53:34.453+0500[0m] {[34mmanager.py:[0m555} INFO[0m - Added Permission %s to role %s[0m
[[34m2026-02-28T21:53:34.454+0500[0m] {[34mmanager.py:[0m555} INFO[0m - Added Permission %s to role %s[0m
[[34m2026-02-28T21:53:34.455+0500[0m] {[34mmanager.py:[0m555} INFO[0m - Added Permission %s to role %s[0m
[[34m2026-02-28T21:53:34.456+0500[0m] {[34mmanager.py:[0m555} INFO[0m - Added Permission %s to role %s[0m
[[34m2026-02-28T21:53:34.459+0500[0m] {[34mmanager.py:[0m499} INFO[0m - Created Permission View: %s[0m
[[34m2026-02-28T21:53:34.460+0500[0m] {[34mmanager.py:[0m555} INFO[0m - Added Permission %s to role %s[0m
[[34m2026-02-28T21:53:34.461+0500[0m] {[34mmanager.py:[0m555} INFO[0m - Added Permission %s to role %s[0m
[[34m2026-02-28T21:53:34.463+0500[0m] {[34mmanager.py:[0m499} INFO[0m - Created Permission View: %s[0m
[[34m2026-02-28T21:53:34.465+0500[0m] {[34mmanager.py:[0m555} INFO[0m - Added Permission %s to role %s[0m
[[34m2026-02-28T21:53:34.466+0500[0m] {[34mmanager.py:[0m555} INFO[0m - Added Permission %s to role %s[0m
[[34m2026-02-28T21:53:34.467+0500[0m] {[34mmanager.py:[0m555} INFO[0m - Added Permission %s to role %s[0m
[[34m2026-02-28T21:53:34.468+0500[0m] {[34mmanager.py:[0m555} INFO[0m - Added Permission %s to role %s[0m
[[34m2026-02-28T21:53:34.469+0500[0m] {[34mmanager.py:[0m555} INFO[0m - Added Permission %s to role %s[0m
[[34m2026-02-28T21:53:34.470+0500[0m] {[34mmanager.py:[0m555} INFO[0m - Added Permission %s to role %s[0m
[[34m2026-02-28T21:53:34.472+0500[0m] {[34mmanager.py:[0m555} INFO[0m - Added Permission %s to role %s[0m
[[34m2026-02-28T21:53:34.473+0500[0m] {[34mmanager.py:[0m555} INFO[0m - Added Permission %s to role %s[0m
[[34m2026-02-28T21:53:34.474+0500[0m] {[34mmanager.py:[0m555} INFO[0m - Added Permission %s to role %s[0m
[[34m2026-02-28T21:53:34.475+0500[0m] {[34mmanager.py:[0m555} INFO[0m - Added Permission %s to role %s[0m
[[34m2026-02-28T21:53:34.476+0500[0m] {[34mmanager.py:[0m555} INFO[0m - Added Permission %s to role %s[0m
[[34m2026-02-28T21:53:34.477+0500[0m] {[34mmanager.py:[0m555} INFO[0m - Added Permission %s to role %s[0m
[[34m2026-02-28T21:53:34.478+0500[0m] {[34mmanager.py:[0m555} INFO[0m - Added Permission %s to role %s[0m
[[34m2026-02-28T21:53:34.479+0500[0m] {[34mmanager.py:[0m555} INFO[0m - Added Permission %s to role %s[0m
[[34m2026-02-28T21:53:34.481+0500[0m] {[34mmanager.py:[0m239} INFO[0m - Inserted Role: %s[0m
[[34m2026-02-28T21:53:34.482+0500[0m] {[34mmanager.py:[0m555} INFO[0m - Added Permission %s to role %s[0m
[[34m2026-02-28T21:53:34.483+0500[0m] {[34mmanager.py:[0m555} INFO[0m - Added Permission %s to role %s[0m
[[34m2026-02-28T21:53:34.485+0500[0m] {[34mmanager.py:[0m555} INFO[0m - Added Permission %s to role %s[0m
[[34m2026-02-28T21:53:34.486+0500[0m] {[34mmanager.py:[0m555} INFO[0m - Added Permission %s to role %s[0m
[[34m2026-02-28T21:53:34.487+0500[0m] {[34mmanager.py:[0m555} INFO[0m - Added Permission %s to role %s[0m
[[34m2026-02-28T21:53:34.488+0500[0m] {[34mmanager.py:[0m555} INFO[0m - Added Permission %s to role %s[0m
[[34m2026-02-28T21:53:34.490+0500[0m] {[34mmanager.py:[0m555} INFO[0m - Added Permission %s to role %s[0m
[[34m2026-02-28T21:53:34.491+0500[0m] {[34mmanager.py:[0m555} INFO[0m - Added Permission %s to role %s[0m
[[34m2026-02-28T21:53:34.492+0500[0m] {[34mmanager.py:[0m555} INFO[0m - Added Permission %s to role %s[0m
[[34m2026-02-28T21:53:34.493+0500[0m] {[34mmanager.py:[0m555} INFO[0m - Added Permission %s to role %s[0m
[[34m2026-02-28T21:53:34.494+0500[0m] {[34mmanager.py:[0m555} INFO[0m - Added Permission %s to role %s[0m
[[34m2026-02-28T21:53:34.496+0500[0m] {[34mmanager.py:[0m555} INFO[0m - Added Permission %s to role %s[0m
[[34m2026-02-28T21:53:34.497+0500[0m] {[34mmanager.py:[0m555} INFO[0m - Added Permission %s to role %s[0m
[[34m2026-02-28T21:53:34.498+0500[0m] {[34mmanager.py:[0m555} INFO[0m - Added Permission %s to role %s[0m
[[34m2026-02-28T21:53:34.499+0500[0m] {[34mmanager.py:[0m555} INFO[0m - Added Permission %s to role %s[0m
[[34m2026-02-28T21:53:34.500+0500[0m] {[34mmanager.py:[0m555} INFO[0m - Added Permission %s to role %s[0m
[[34m2026-02-28T21:53:34.501+0500[0m] {[34mmanager.py:[0m555} INFO[0m - Added Permission %s to role %s[0m
[[34m2026-02-28T21:53:34.503+0500[0m] {[34mmanager.py:[0m555} INFO[0m - Added Permission %s to role %s[0m
[[34m2026-02-28T21:53:34.504+0500[0m] {[34mmanager.py:[0m555} INFO[0m - Added Permission %s to role %s[0m
[[34m2026-02-28T21:53:34.506+0500[0m] {[34mmanager.py:[0m555} INFO[0m - Added Permission %s to role %s[0m
[[34m2026-02-28T21:53:34.507+0500[0m] {[34mmanager.py:[0m555} INFO[0m - Added Permission %s to role %s[0m
[[34m2026-02-28T21:53:34.508+0500[0m] {[34mmanager.py:[0m555} INFO[0m - Added Permission %s to role %s[0m
[[34m2026-02-28T21:53:34.509+0500[0m] {[34mmanager.py:[0m555} INFO[0m - Added Permission %s to role %s[0m
[[34m2026-02-28T21:53:34.510+0500[0m] {[34mmanager.py:[0m555} INFO[0m - Added Permission %s to role %s[0m
[[34m2026-02-28T21:53:34.511+0500[0m] {[34mmanager.py:[0m555} INFO[0m - Added Permission %s to role %s[0m
[[34m2026-02-28T21:53:34.512+0500[0m] {[34mmanager.py:[0m555} INFO[0m - Added Permission %s to role %s[0m
[[34m2026-02-28T21:53:34.514+0500[0m] {[34mmanager.py:[0m555} INFO[0m - Added Permission %s to role %s[0m
[[34m2026-02-28T21:53:34.515+0500[0m] {[34mmanager.py:[0m555} INFO[0m - Added Permission %s to role %s[0m
[[34m2026-02-28T21:53:34.516+0500[0m] {[34mmanager.py:[0m555} INFO[0m - Added Permission %s to role %s[0m
[[34m2026-02-28T21:53:34.517+0500[0m] {[34mmanager.py:[0m555} INFO[0m - Added Permission %s to role %s[0m
[[34m2026-02-28T21:53:34.518+0500[0m] {[34mmanager.py:[0m555} INFO[0m - Added Permission %s to role %s[0m
[[34m2026-02-28T21:53:34.519+0500[0m] {[34mmanager.py:[0m555} INFO[0m - Added Permission %s to role %s[0m
[[34m2026-02-28T21:53:34.520+0500[0m] {[34mmanager.py:[0m555} INFO[0m - Added Permission %s to role %s[0m
[[34m2026-02-28T21:53:34.522+0500[0m] {[34mmanager.py:[0m555} INFO[0m - Added Permission %s to role %s[0m
[[34m2026-02-28T21:53:34.523+0500[0m] {[34mmanager.py:[0m555} INFO[0m - Added Permission %s to role %s[0m
[[34m2026-02-28T21:53:34.524+0500[0m] {[34mmanager.py:[0m555} INFO[0m - Added Permission %s to role %s[0m
[[34m2026-02-28T21:53:34.525+0500[0m] {[34mmanager.py:[0m555} INFO[0m - Added Permission %s to role %s[0m
[[34m2026-02-28T21:53:34.526+0500[0m] {[34mmanager.py:[0m555} INFO[0m - Added Permission %s to role %s[0m
[[34m2026-02-28T21:53:34.528+0500[0m] {[34mmanager.py:[0m555} INFO[0m - Added Permission %s to role %s[0m
[[34m2026-02-28T21:53:34.529+0500[0m] {[34mmanager.py:[0m555} INFO[0m - Added Permission %s to role %s[0m
[[34m2026-02-28T21:53:34.530+0500[0m] {[34mmanager.py:[0m555} INFO[0m - Added Permission %s to role %s[0m
[[34m2026-02-28T21:53:34.531+0500[0m] {[34mmanager.py:[0m239} INFO[0m - Inserted Role: %s[0m
[[34m2026-02-28T21:53:34.532+0500[0m] {[34mmanager.py:[0m555} INFO[0m - Added Permission %s to role %s[0m
[[34m2026-02-28T21:53:34.533+0500[0m] {[34mmanager.py:[0m555} INFO[0m - Added Permission %s to role %s[0m
[[34m2026-02-28T21:53:34.535+0500[0m] {[34mmanager.py:[0m555} INFO[0m - Added Permission %s to role %s[0m
[[34m2026-02-28T21:53:34.536+0500[0m] {[34mmanager.py:[0m555} INFO[0m - Added Permission %s to role %s[0m
[[34m2026-02-28T21:53:34.537+0500[0m] {[34mmanager.py:[0m555} INFO[0m - Added Permission %s to role %s[0m
[[34m2026-02-28T21:53:34.539+0500[0m] {[34mmanager.py:[0m555} INFO[0m - Added Permission %s to role %s[0m
[[34m2026-02-28T21:53:34.540+0500[0m] {[34mmanager.py:[0m555} INFO[0m - Added Permission %s to role %s[0m
[[34m2026-02-28T21:53:34.541+0500[0m] {[34mmanager.py:[0m555} INFO[0m - Added Permission %s to role %s[0m
[[34m2026-02-28T21:53:34.543+0500[0m] {[34mmanager.py:[0m555} INFO[0m - Added Permission %s to role %s[0m
[[34m2026-02-28T21:53:34.544+0500[0m] {[34mmanager.py:[0m555} INFO[0m - Added Permission %s to role %s[0m
[[34m2026-02-28T21:53:34.545+0500[0m] {[34mmanager.py:[0m555} INFO[0m - Added Permission %s to role %s[0m
[[34m2026-02-28T21:53:34.546+0500[0m] {[34mmanager.py:[0m555} INFO[0m - Added Permission %s to role %s[0m
[[34m2026-02-28T21:53:34.547+0500[0m] {[34mmanager.py:[0m555} INFO[0m - Added Permission %s to role %s[0m
[[34m2026-02-28T21:53:34.548+0500[0m] {[34mmanager.py:[0m555} INFO[0m - Added Permission %s to role %s[0m
[[34m2026-02-28T21:53:34.549+0500[0m] {[34mmanager.py:[0m555} INFO[0m - Added Permission %s to role %s[0m
[[34m2026-02-28T21:53:34.550+0500[0m] {[34mmanager.py:[0m555} INFO[0m - Added Permission %s to role %s[0m
[[34m2026-02-28T21:53:34.551+0500[0m] {[34mmanager.py:[0m555} INFO[0m - Added Permission %s to role %s[0m
[[34m2026-02-28T21:53:34.553+0500[0m] {[34mmanager.py:[0m555} INFO[0m - Added Permission %s to role %s[0m
[[34m2026-02-28T21:53:34.554+0500[0m] {[34mmanager.py:[0m555} INFO[0m - Added Permission %s to role %s[0m
[[34m2026-02-28T21:53:34.555+0500[0m] {[34mmanager.py:[0m555} INFO[0m - Added Permission %s to role %s[0m
[[34m2026-02-28T21:53:34.556+0500[0m] {[34mmanager.py:[0m555} INFO[0m - Added Permission %s to role %s[0m
[[34m2026-02-28T21:53:34.557+0500[0m] {[34mmanager.py:[0m555} INFO[0m - Added Permission %s to role %s[0m
[[34m2026-02-28T21:53:34.558+0500[0m] {[34mmanager.py:[0m555} INFO[0m - Added Permission %s to role %s[0m
[[34m2026-02-28T21:53:34.559+0500[0m] {[34mmanager.py:[0m555} INFO[0m - Added Permission %s to role %s[0m
[[34m2026-02-28T21:53:34.560+0500[0m] {[34mmanager.py:[0m555} INFO[0m - Added Permission %s to role %s[0m
[[34m2026-02-28T21:53:34.561+0500[0m] {[34mmanager.py:[0m555} INFO[0m - Added Permission %s to role %s[0m
[[34m2026-02-28T21:53:34.562+0500[0m] {[34mmanager.py:[0m555} INFO[0m - Added Permission %s to role %s[0m
[[34m2026-02-28T21:53:34.563+0500[0m] {[34mmanager.py:[0m555} INFO[0m - Added Permission %s to role %s[0m
[[34m2026-02-28T21:53:34.564+0500[0m] {[34mmanager.py:[0m555} INFO[0m - Added Permission %s to role %s[0m
[[34m2026-02-28T21:53:34.565+0500[0m] {[34mmanager.py:[0m555} INFO[0m - Added Permission %s to role %s[0m
[[34m2026-02-28T21:53:34.566+0500[0m] {[34mmanager.py:[0m555} INFO[0m - Added Permission %s to role %s[0m
[[34m2026-02-28T21:53:34.567+0500[0m] {[34mmanager.py:[0m555} INFO[0m - Added Permission %s to role %s[0m
[[34m2026-02-28T21:53:34.568+0500[0m] {[34mmanager.py:[0m555} INFO[0m - Added Permission %s to role %s[0m
[[34m2026-02-28T21:53:34.569+0500[0m] {[34mmanager.py:[0m555} INFO[0m - Added Permission %s to role %s[0m
[[34m2026-02-28T21:53:34.570+0500[0m] {[34mmanager.py:[0m555} INFO[0m - Added Permission %s to role %s[0m
[[34m2026-02-28T21:53:34.572+0500[0m] {[34mmanager.py:[0m555} INFO[0m - Added Permission %s to role %s[0m
[[34m2026-02-28T21:53:34.573+0500[0m] {[34mmanager.py:[0m555} INFO[0m - Added Permission %s to role %s[0m
[[34m2026-02-28T21:53:34.574+0500[0m] {[34mmanager.py:[0m555} INFO[0m - Added Permission %s to role %s[0m
[[34m2026-02-28T21:53:34.575+0500[0m] {[34mmanager.py:[0m555} INFO[0m - Added Permission %s to role %s[0m
[[34m2026-02-28T21:53:34.577+0500[0m] {[34mmanager.py:[0m555} INFO[0m - Added Permission %s to role %s[0m
[[34m2026-02-28T21:53:34.578+0500[0m] {[34mmanager.py:[0m555} INFO[0m - Added Permission %s to role %s[0m
[[34m2026-02-28T21:53:34.579+0500[0m] {[34mmanager.py:[0m555} INFO[0m - Added Permission %s to role %s[0m
[[34m2026-02-28T21:53:34.580+0500[0m] {[34mmanager.py:[0m555} INFO[0m - Added Permission %s to role %s[0m
[[34m2026-02-28T21:53:34.581+0500[0m] {[34mmanager.py:[0m555} INFO[0m - Added Permission %s to role %s[0m
[[34m2026-02-28T21:53:34.582+0500[0m] {[34mmanager.py:[0m555} INFO[0m - Added Permission %s to role %s[0m
[[34m2026-02-28T21:53:34.583+0500[0m] {[34mmanager.py:[0m555} INFO[0m - Added Permission %s to role %s[0m
[[34m2026-02-28T21:53:34.584+0500[0m] {[34mmanager.py:[0m555} INFO[0m - Added Permission %s to role %s[0m
[[34m2026-02-28T21:53:34.585+0500[0m] {[34mmanager.py:[0m555} INFO[0m - Added Permission %s to role %s[0m
[[34m2026-02-28T21:53:34.586+0500[0m] {[34mmanager.py:[0m555} INFO[0m - Added Permission %s to role %s[0m
[[34m2026-02-28T21:53:34.587+0500[0m] {[34mmanager.py:[0m555} INFO[0m - Added Permission %s to role %s[0m
[[34m2026-02-28T21:53:34.588+0500[0m] {[34mmanager.py:[0m555} INFO[0m - Added Permission %s to role %s[0m
[[34m2026-02-28T21:53:34.589+0500[0m] {[34mmanager.py:[0m555} INFO[0m - Added Permission %s to role %s[0m
[[34m2026-02-28T21:53:34.590+0500[0m] {[34mmanager.py:[0m555} INFO[0m - Added Permission %s to role %s[0m
[[34m2026-02-28T21:53:34.591+0500[0m] {[34mmanager.py:[0m555} INFO[0m - Added Permission %s to role %s[0m
[[34m2026-02-28T21:53:34.592+0500[0m] {[34mmanager.py:[0m555} INFO[0m - Added Permission %s to role %s[0m
[[34m2026-02-28T21:53:34.593+0500[0m] {[34mmanager.py:[0m555} INFO[0m - Added Permission %s to role %s[0m
[[34m2026-02-28T21:53:34.594+0500[0m] {[34mmanager.py:[0m555} INFO[0m - Added Permission %s to role %s[0m
[[34m2026-02-28T21:53:34.596+0500[0m] {[34mmanager.py:[0m555} INFO[0m - Added Permission %s to role %s[0m
[[34m2026-02-28T21:53:34.597+0500[0m] {[34mmanager.py:[0m555} INFO[0m - Added Permission %s to role %s[0m
[[34m2026-02-28T21:53:34.598+0500[0m] {[34mmanager.py:[0m555} INFO[0m - Added Permission %s to role %s[0m
[[34m2026-02-28T21:53:34.599+0500[0m] {[34mmanager.py:[0m555} INFO[0m - Added Permission %s to role %s[0m
[[34m2026-02-28T21:53:34.600+0500[0m] {[34mmanager.py:[0m555} INFO[0m - Added Permission %s to role %s[0m
[[34m2026-02-28T21:53:34.601+0500[0m] {[34mmanager.py:[0m555} INFO[0m - Added Permission %s to role %s[0m
[[34m2026-02-28T21:53:34.602+0500[0m] {[34mmanager.py:[0m555} INFO[0m - Added Permission %s to role %s[0m
[[34m2026-02-28T21:53:34.604+0500[0m] {[34mmanager.py:[0m555} INFO[0m - Added Permission %s to role %s[0m
[[34m2026-02-28T21:53:34.605+0500[0m] {[34mmanager.py:[0m555} INFO[0m - Added Permission %s to role %s[0m
[[34m2026-02-28T21:53:34.606+0500[0m] {[34mmanager.py:[0m555} INFO[0m - Added Permission %s to role %s[0m
[[34m2026-02-28T21:53:34.607+0500[0m] {[34mmanager.py:[0m555} INFO[0m - Added Permission %s to role %s[0m
[[34m2026-02-28T21:53:34.609+0500[0m] {[34mmanager.py:[0m555} INFO[0m - Added Permission %s to role %s[0m
[[34m2026-02-28T21:53:34.610+0500[0m] {[34mmanager.py:[0m555} INFO[0m - Added Permission %s to role %s[0m
[[34m2026-02-28T21:53:34.612+0500[0m] {[34mmanager.py:[0m555} INFO[0m - Added Permission %s to role %s[0m
[[34m2026-02-28T21:53:34.613+0500[0m] {[34mmanager.py:[0m555} INFO[0m - Added Permission %s to role %s[0m
[[34m2026-02-28T21:53:34.614+0500[0m] {[34mmanager.py:[0m555} INFO[0m - Added Permission %s to role %s[0m
[2026-02-28 21:53:34 +0500] [93589] [INFO] Starting gunicorn 21.2.0
[2026-02-28 21:53:34 +0500] [93589] [INFO] Listening at: http://0.0.0.0:8080 (93589)
[2026-02-28 21:53:34 +0500] [93589] [INFO] Using worker: sync
[2026-02-28 21:53:34 +0500] [93589] [ERROR] Worker (pid:93602) was sent SIGSEGV!
[2026-02-28 21:53:34 +0500] [93589] [ERROR] Worker (pid:93603) was sent SIGSEGV!
[2026-02-28 21:53:35 +0500] [93589] [ERROR] Worker (pid:93604) was sent SIGSEGV!
[2026-02-28 21:53:35 +0500] [93589] [ERROR] Worker (pid:93605) was sent SIGSEGV!
[2026-02-28 21:53:35 +0500] [93589] [ERROR] Worker (pid:93607) was sent SIGSEGV!
[2026-02-28 21:53:35 +0500] [93589] [ERROR] Worker (pid:93609) was sent SIGSEGV!
[2026-02-28 21:53:35 +0500] [93589] [ERROR] Worker (pid:93610) was sent SIGSEGV!
[2026-02-28 21:53:35 +0500] [93589] [ERROR] Worker (pid:93611) was sent SIGSEGV!
[2026-02-28 21:53:35 +0500] [93589] [ERROR] Worker (pid:93612) was sent SIGSEGV!
[2026-02-28 21:53:35 +0500] [93589] [ERROR] Worker (pid:93613) was sent SIGSEGV!
[2026-02-28 21:53:35 +0500] [93589] [ERROR] Worker (pid:93614) was sent SIGSEGV!
[2026-02-28 21:53:35 +0500] [93589] [ERROR] Worker (pid:93615) was sent SIGSEGV!
[2026-02-28 21:53:36 +0500] [93589] [ERROR] Worker (pid:93616) was sent SIGSEGV!
[2026-02-28 21:53:36 +0500] [93589] [ERROR] Worker (pid:93617) was sent SIGSEGV!
[2026-02-28 21:53:36 +0500] [93589] [ERROR] Worker (pid:93618) was sent SIGSEGV!
[2026-02-28 21:53:36 +0500] [93589] [ERROR] Worker (pid:93619) was sent SIGSEGV!
[2026-02-28 21:53:36 +0500] [93589] [ERROR] Worker (pid:93620) was sent SIGSEGV!
[2026-02-28 21:53:36 +0500] [93589] [ERROR] Worker (pid:93621) was sent SIGSEGV!
[2026-02-28 21:53:36 +0500] [93589] [ERROR] Worker (pid:93622) was sent SIGSEGV!
[2026-02-28 21:53:36 +0500] [93589] [ERROR] Worker (pid:93623) was sent SIGSEGV!
[2026-02-28 21:53:36 +0500] [93589] [ERROR] Worker (pid:93624) was sent SIGSEGV!
[2026-02-28 21:53:36 +0500] [93589] [ERROR] Worker (pid:93625) was sent SIGSEGV!
[2026-02-28 21:53:36 +0500] [93589] [ERROR] Worker (pid:93626) was sent SIGSEGV!
[2026-02-28 21:53:37 +0500] [93589] [ERROR] Worker (pid:93627) was sent SIGSEGV!
[2026-02-28 21:53:37 +0500] [93589] [ERROR] Worker (pid:93628) was sent SIGSEGV!
[2026-02-28 21:53:37 +0500] [93589] [ERROR] Worker (pid:93629) was sent SIGSEGV!
[2026-02-28 21:53:37 +0500] [93589] [ERROR] Worker (pid:93634) was sent SIGSEGV!
[2026-02-28 21:53:37 +0500] [93589] [ERROR] Worker (pid:93635) was sent SIGSEGV!
[2026-02-28 21:53:37 +0500] [93589] [ERROR] Worker (pid:93636) was sent SIGSEGV!
[2026-02-28 21:53:37 +0500] [93589] [ERROR] Worker (pid:93637) was sent SIGSEGV!
[2026-02-28 21:53:37 +0500] [93589] [ERROR] Worker (pid:93638) was sent SIGSEGV!
[2026-02-28 21:53:37 +0500] [93589] [ERROR] Worker (pid:93640) was sent SIGSEGV!
[2026-02-28 21:53:37 +0500] [93589] [ERROR] Worker (pid:93643) was sent SIGSEGV!
[2026-02-28 21:53:38 +0500] [93589] [ERROR] Worker (pid:93645) was sent SIGSEGV!
[2026-02-28 21:53:38 +0500] [93589] [ERROR] Worker (pid:93647) was sent SIGSEGV!
[2026-02-28 21:53:38 +0500] [93589] [ERROR] Worker (pid:93651) was sent SIGSEGV!
[2026-02-28 21:53:38 +0500] [93589] [ERROR] Worker (pid:93655) was sent SIGSEGV!
[2026-02-28 21:53:38 +0500] [93589] [ERROR] Worker (pid:93656) was sent SIGSEGV!
[2026-02-28 21:53:38 +0500] [93589] [ERROR] Worker (pid:93657) was sent SIGSEGV!
[2026-02-28 21:53:38 +0500] [93589] [ERROR] Worker (pid:93658) was sent SIGSEGV!
[2026-02-28 21:53:38 +0500] [93589] [ERROR] Worker (pid:93659) was sent SIGSEGV!
[2026-02-28 21:53:38 +0500] [93589] [ERROR] Worker (pid:93660) was sent SIGSEGV!
[2026-02-28 21:53:39 +0500] [93589] [ERROR] Worker (pid:93661) was sent SIGSEGV!
[2026-02-28 21:53:39 +0500] [93589] [ERROR] Worker (pid:93665) was sent SIGSEGV!
[2026-02-28 21:53:39 +0500] [93589] [ERROR] Worker (pid:93668) was sent SIGSEGV!
[2026-02-28 21:53:39 +0500] [93589] [ERROR] Worker (pid:93669) was sent SIGSEGV!
[2026-02-28 21:53:39 +0500] [93589] [ERROR] Worker (pid:93670) was sent SIGSEGV!
[2026-02-28 21:53:39 +0500] [93589] [ERROR] Worker (pid:93671) was sent SIGSEGV!
[2026-02-28 21:53:39 +0500] [93589] [ERROR] Worker (pid:93672) was sent SIGSEGV!
[2026-02-28 21:53:39 +0500] [93589] [ERROR] Worker (pid:93673) was sent SIGSEGV!
[2026-02-28 21:53:39 +0500] [93589] [ERROR] Worker (pid:93674) was sent SIGSEGV!
[2026-02-28 21:53:40 +0500] [93589] [ERROR] Worker (pid:93675) was sent SIGSEGV!
[2026-02-28 21:53:40 +0500] [93589] [ERROR] Worker (pid:93676) was sent SIGSEGV!
[2026-02-28 21:53:40 +0500] [93589] [ERROR] Worker (pid:93677) was sent SIGSEGV!
[2026-02-28 21:53:40 +0500] [93589] [ERROR] Worker (pid:93678) was sent SIGSEGV!
[2026-02-28 21:53:40 +0500] [93589] [ERROR] Worker (pid:93679) was sent SIGSEGV!
[2026-02-28 21:53:40 +0500] [93589] [ERROR] Worker (pid:93681) was sent SIGSEGV!
[2026-02-28 21:53:40 +0500] [93589] [ERROR] Worker (pid:93682) was sent SIGSEGV!
[2026-02-28 21:53:40 +0500] [93589] [ERROR] Worker (pid:93683) was sent SIGSEGV!
[2026-02-28 21:53:40 +0500] [93589] [ERROR] Worker (pid:93684) was sent SIGSEGV!
[2026-02-28 21:53:40 +0500] [93589] [ERROR] Worker (pid:93685) was sent SIGSEGV!
[2026-02-28 21:53:41 +0500] [93589] [ERROR] Worker (pid:93686) was sent SIGSEGV!
[2026-02-28 21:53:41 +0500] [93589] [ERROR] Worker (pid:93687) was sent SIGSEGV!
[2026-02-28 21:53:41 +0500] [93589] [ERROR] Worker (pid:93688) was sent SIGSEGV!
[2026-02-28 21:53:41 +0500] [93589] [ERROR] Worker (pid:93689) was sent SIGSEGV!
[2026-02-28 21:53:41 +0500] [93589] [ERROR] Worker (pid:93693) was sent SIGSEGV!
[2026-02-28 21:53:41 +0500] [93589] [ERROR] Worker (pid:93696) was sent SIGSEGV!
[2026-02-28 21:53:41 +0500] [93589] [ERROR] Worker (pid:93697) was sent SIGSEGV!
[2026-02-28 21:53:41 +0500] [93589] [ERROR] Worker (pid:93698) was sent SIGSEGV!
[2026-02-28 21:53:41 +0500] [93589] [ERROR] Worker (pid:93699) was sent SIGSEGV!
[2026-02-28 21:53:42 +0500] [93589] [ERROR] Worker (pid:93700) was sent SIGSEGV!
[2026-02-28 21:53:42 +0500] [93589] [ERROR] Worker (pid:93701) was sent SIGSEGV!
[2026-02-28 21:53:42 +0500] [93589] [ERROR] Worker (pid:93702) was sent SIGSEGV!
[2026-02-28 21:53:42 +0500] [93589] [ERROR] Worker (pid:93703) was sent SIGSEGV!
[2026-02-28 21:53:42 +0500] [93589] [ERROR] Worker (pid:93705) was sent SIGSEGV!
[2026-02-28 21:53:42 +0500] [93589] [ERROR] Worker (pid:93706) was sent SIGSEGV!
[2026-02-28 21:53:42 +0500] [93589] [ERROR] Worker (pid:93707) was sent SIGSEGV!
[2026-02-28 21:53:42 +0500] [93589] [ERROR] Worker (pid:93710) was sent SIGSEGV!
[2026-02-28 21:53:42 +0500] [93589] [ERROR] Worker (pid:93711) was sent SIGSEGV!
[2026-02-28 21:53:43 +0500] [93589] [ERROR] Worker (pid:93712) was sent SIGSEGV!
[2026-02-28 21:53:43 +0500] [93589] [ERROR] Worker (pid:93713) was sent SIGSEGV!
[2026-02-28 21:53:43 +0500] [93589] [ERROR] Worker (pid:93714) was sent SIGSEGV!
[2026-02-28 21:53:43 +0500] [93589] [ERROR] Worker (pid:93715) was sent SIGSEGV!
[2026-02-28 21:53:43 +0500] [93589] [ERROR] Worker (pid:93717) was sent SIGSEGV!
[2026-02-28 21:53:43 +0500] [93589] [ERROR] Worker (pid:93718) was sent SIGSEGV!
[2026-02-28 21:53:44 +0500] [93589] [ERROR] Worker (pid:93721) was sent SIGSEGV!
[2026-02-28 21:53:44 +0500] [93589] [ERROR] Worker (pid:93722) was sent SIGSEGV!
[2026-02-28 21:53:44 +0500] [93589] [ERROR] Worker (pid:93723) was sent SIGSEGV!
[2026-02-28 21:53:44 +0500] [93589] [ERROR] Worker (pid:93726) was sent SIGSEGV!
[2026-02-28 21:53:44 +0500] [93589] [ERROR] Worker (pid:93727) was sent SIGSEGV!
[2026-02-28 21:53:44 +0500] [93589] [ERROR] Worker (pid:93728) was sent SIGSEGV!
[2026-02-28 21:53:45 +0500] [93589] [ERROR] Worker (pid:93729) was sent SIGSEGV!
[2026-02-28 21:53:45 +0500] [93589] [ERROR] Worker (pid:93731) was sent SIGSEGV!
[2026-02-28 21:53:45 +0500] [93589] [ERROR] Worker (pid:93735) was sent SIGSEGV!
[2026-02-28 21:53:45 +0500] [93589] [ERROR] Worker (pid:93737) was sent SIGSEGV!
[2026-02-28 21:53:45 +0500] [93589] [ERROR] Worker (pid:93739) was sent SIGSEGV!
[2026-02-28 21:53:45 +0500] [93589] [ERROR] Worker (pid:93742) was sent SIGSEGV!
[2026-02-28 21:53:45 +0500] [93589] [ERROR] Worker (pid:93744) was sent SIGSEGV!
[2026-02-28 21:53:45 +0500] [93589] [ERROR] Worker (pid:93749) was sent SIGSEGV!
[2026-02-28 21:53:45 +0500] [93589] [ERROR] Worker (pid:93751) was sent SIGSEGV!
[2026-02-28 21:53:46 +0500] [93589] [ERROR] Worker (pid:93753) was sent SIGSEGV!
[2026-02-28 21:53:46 +0500] [93589] [ERROR] Worker (pid:93754) was sent SIGSEGV!
[2026-02-28 21:53:46 +0500] [93589] [ERROR] Worker (pid:93755) was sent SIGSEGV!
[2026-02-28 21:53:46 +0500] [93589] [ERROR] Worker (pid:93756) was sent SIGSEGV!
[2026-02-28 21:53:46 +0500] [93589] [ERROR] Worker (pid:93757) was sent SIGSEGV!
[2026-02-28 21:53:46 +0500] [93589] [ERROR] Worker (pid:93758) was sent SIGSEGV!
[2026-02-28 21:53:46 +0500] [93589] [ERROR] Worker (pid:93760) was sent SIGSEGV!
[2026-02-28 21:53:46 +0500] [93589] [ERROR] Worker (pid:93763) was sent SIGSEGV!
[2026-02-28 21:53:46 +0500] [93589] [ERROR] Worker (pid:93764) was sent SIGSEGV!
[2026-02-28 21:53:46 +0500] [93589] [ERROR] Worker (pid:93766) was sent SIGSEGV!
[2026-02-28 21:53:46 +0500] [93589] [ERROR] Worker (pid:93768) was sent SIGSEGV!
[2026-02-28 21:53:47 +0500] [93589] [ERROR] Worker (pid:93771) was sent SIGSEGV!
[2026-02-28 21:53:47 +0500] [93589] [ERROR] Worker (pid:93772) was sent SIGSEGV!
[2026-02-28 21:53:47 +0500] [93589] [ERROR] Worker (pid:93774) was sent SIGSEGV!
[2026-02-28 21:53:47 +0500] [93589] [ERROR] Worker (pid:93776) was sent SIGSEGV!
[2026-02-28 21:53:47 +0500] [93589] [ERROR] Worker (pid:93778) was sent SIGSEGV!
[2026-02-28 21:53:47 +0500] [93589] [ERROR] Worker (pid:93780) was sent SIGSEGV!
[2026-02-28 21:53:47 +0500] [93589] [ERROR] Worker (pid:93781) was sent SIGSEGV!
[2026-02-28 21:53:47 +0500] [93589] [ERROR] Worker (pid:93782) was sent SIGSEGV!
[2026-02-28 21:53:47 +0500] [93589] [ERROR] Worker (pid:93783) was sent SIGSEGV!
[2026-02-28 21:53:47 +0500] [93589] [ERROR] Worker (pid:93784) was sent SIGSEGV!
[2026-02-28 21:53:47 +0500] [93589] [ERROR] Worker (pid:93785) was sent SIGSEGV!
[2026-02-28 21:53:47 +0500] [93589] [ERROR] Worker (pid:93786) was sent SIGSEGV!
[2026-02-28 21:53:48 +0500] [93589] [ERROR] Worker (pid:93787) was sent SIGSEGV!
[2026-02-28 21:53:48 +0500] [93589] [ERROR] Worker (pid:93788) was sent SIGSEGV!
[2026-02-28 21:53:48 +0500] [93589] [ERROR] Worker (pid:93789) was sent SIGSEGV!
[2026-02-28 21:53:48 +0500] [93589] [ERROR] Worker (pid:93790) was sent SIGSEGV!
[2026-02-28 21:53:48 +0500] [93589] [ERROR] Worker (pid:93791) was sent SIGSEGV!
[2026-02-28 21:53:48 +0500] [93589] [ERROR] Worker (pid:93792) was sent SIGSEGV!
[2026-02-28 21:53:48 +0500] [93589] [ERROR] Worker (pid:93793) was sent SIGSEGV!
[2026-02-28 21:53:48 +0500] [93589] [ERROR] Worker (pid:93794) was sent SIGSEGV!
[2026-02-28 21:53:48 +0500] [93589] [ERROR] Worker (pid:93795) was sent SIGSEGV!
[2026-02-28 21:53:48 +0500] [93589] [ERROR] Worker (pid:93796) was sent SIGSEGV!
[2026-02-28 21:53:48 +0500] [93589] [ERROR] Worker (pid:93797) was sent SIGSEGV!
[2026-02-28 21:53:49 +0500] [93589] [ERROR] Worker (pid:93798) was sent SIGSEGV!
[2026-02-28 21:53:49 +0500] [93589] [ERROR] Worker (pid:93799) was sent SIGSEGV!
[2026-02-28 21:53:49 +0500] [93589] [ERROR] Worker (pid:93800) was sent SIGSEGV!
[2026-02-28 21:53:49 +0500] [93589] [ERROR] Worker (pid:93801) was sent SIGSEGV!
[2026-02-28 21:53:49 +0500] [93589] [ERROR] Worker (pid:93802) was sent SIGSEGV!
[2026-02-28 21:53:49 +0500] [93589] [ERROR] Worker (pid:93803) was sent SIGSEGV!
[2026-02-28 21:53:49 +0500] [93589] [ERROR] Worker (pid:93804) was sent SIGSEGV!
[2026-02-28 21:53:49 +0500] [93589] [ERROR] Worker (pid:93805) was sent SIGSEGV!
[2026-02-28 21:53:49 +0500] [93589] [ERROR] Worker (pid:93810) was sent SIGSEGV!
[2026-02-28 21:53:49 +0500] [93589] [ERROR] Worker (pid:93811) was sent SIGSEGV!
[2026-02-28 21:53:49 +0500] [93589] [ERROR] Worker (pid:93812) was sent SIGSEGV!
[2026-02-28 21:53:50 +0500] [93589] [ERROR] Worker (pid:93813) was sent SIGSEGV!
[2026-02-28 21:53:50 +0500] [93589] [ERROR] Worker (pid:93814) was sent SIGSEGV!
[2026-02-28 21:53:50 +0500] [93589] [ERROR] Worker (pid:93815) was sent SIGSEGV!
[2026-02-28 21:53:50 +0500] [93589] [ERROR] Worker (pid:93816) was sent SIGSEGV!
[2026-02-28 21:53:50 +0500] [93589] [ERROR] Worker (pid:93817) was sent SIGSEGV!
[2026-02-28 21:53:50 +0500] [93589] [ERROR] Worker (pid:93818) was sent SIGSEGV!
[2026-02-28 21:53:50 +0500] [93589] [ERROR] Worker (pid:93819) was sent SIGSEGV!
[2026-02-28 21:53:50 +0500] [93589] [ERROR] Worker (pid:93820) was sent SIGSEGV!
[2026-02-28 21:53:50 +0500] [93589] [ERROR] Worker (pid:93821) was sent SIGSEGV!
[2026-02-28 21:53:50 +0500] [93589] [ERROR] Worker (pid:93822) was sent SIGSEGV!
[2026-02-28 21:53:50 +0500] [93589] [ERROR] Worker (pid:93823) was sent SIGSEGV!
[2026-02-28 21:53:51 +0500] [93589] [ERROR] Worker (pid:93824) was sent SIGSEGV!
[2026-02-28 21:53:51 +0500] [93589] [ERROR] Worker (pid:93825) was sent SIGSEGV!
[2026-02-28 21:53:51 +0500] [93589] [ERROR] Worker (pid:93826) was sent SIGSEGV!
[2026-02-28 21:53:51 +0500] [93589] [ERROR] Worker (pid:93827) was sent SIGSEGV!
[2026-02-28 21:53:51 +0500] [93589] [ERROR] Worker (pid:93828) was sent SIGSEGV!
[2026-02-28 21:53:51 +0500] [93589] [ERROR] Worker (pid:93829) was sent SIGSEGV!
[2026-02-28 21:53:51 +0500] [93589] [ERROR] Worker (pid:93830) was sent SIGSEGV!
[2026-02-28 21:53:51 +0500] [93589] [ERROR] Worker (pid:93831) was sent SIGSEGV!
[2026-02-28 21:53:51 +0500] [93589] [ERROR] Worker (pid:93832) was sent SIGSEGV!
[2026-02-28 21:53:51 +0500] [93589] [ERROR] Worker (pid:93833) was sent SIGSEGV!
[2026-02-28 21:53:51 +0500] [93589] [ERROR] Worker (pid:93834) was sent SIGSEGV!
[2026-02-28 21:53:51 +0500] [93589] [ERROR] Worker (pid:93835) was sent SIGSEGV!
[2026-02-28 21:53:52 +0500] [93589] [ERROR] Worker (pid:93836) was sent SIGSEGV!
[2026-02-28 21:53:52 +0500] [93589] [ERROR] Worker (pid:93837) was sent SIGSEGV!
[2026-02-28 21:53:52 +0500] [93589] [ERROR] Worker (pid:93838) was sent SIGSEGV!
[2026-02-28 21:53:52 +0500] [93589] [ERROR] Worker (pid:93839) was sent SIGSEGV!
[2026-02-28 21:53:52 +0500] [93589] [ERROR] Worker (pid:93840) was sent SIGSEGV!
[2026-02-28 21:53:52 +0500] [93589] [ERROR] Worker (pid:93841) was sent SIGSEGV!
[2026-02-28 21:53:52 +0500] [93589] [ERROR] Worker (pid:93842) was sent SIGSEGV!
[2026-02-28 21:53:52 +0500] [93589] [ERROR] Worker (pid:93843) was sent SIGSEGV!
[2026-02-28 21:53:52 +0500] [93589] [ERROR] Worker (pid:93844) was sent SIGSEGV!
[2026-02-28 21:53:52 +0500] [93589] [ERROR] Worker (pid:93847) was sent SIGSEGV!
[2026-02-28 21:53:53 +0500] [93589] [ERROR] Worker (pid:93848) was sent SIGSEGV!
[2026-02-28 21:53:53 +0500] [93589] [ERROR] Worker (pid:93849) was sent SIGSEGV!
[2026-02-28 21:53:53 +0500] [93589] [ERROR] Worker (pid:93850) was sent SIGSEGV!
[2026-02-28 21:53:53 +0500] [93589] [ERROR] Worker (pid:93851) was sent SIGSEGV!
[2026-02-28 21:53:53 +0500] [93589] [ERROR] Worker (pid:93852) was sent SIGSEGV!
[2026-02-28 21:53:53 +0500] [93589] [ERROR] Worker (pid:93853) was sent SIGSEGV!
[2026-02-28 21:53:53 +0500] [93589] [ERROR] Worker (pid:93854) was sent SIGSEGV!
[2026-02-28 21:53:53 +0500] [93589] [ERROR] Worker (pid:93855) was sent SIGSEGV!
[2026-02-28 21:53:53 +0500] [93589] [ERROR] Worker (pid:93856) was sent SIGSEGV!
[2026-02-28 21:53:53 +0500] [93589] [ERROR] Worker (pid:93860) was sent SIGSEGV!
[2026-02-28 21:53:54 +0500] [93589] [ERROR] Worker (pid:93862) was sent SIGSEGV!
[2026-02-28 21:53:54 +0500] [93589] [ERROR] Worker (pid:93863) was sent SIGSEGV!
[2026-02-28 21:53:54 +0500] [93589] [ERROR] Worker (pid:93867) was sent SIGSEGV!
[2026-02-28 21:53:54 +0500] [93589] [ERROR] Worker (pid:93869) was sent SIGSEGV!
[2026-02-28 21:53:54 +0500] [93589] [ERROR] Worker (pid:93871) was sent SIGSEGV!
[2026-02-28 21:53:54 +0500] [93589] [ERROR] Worker (pid:93874) was sent SIGSEGV!
[2026-02-28 21:53:54 +0500] [93589] [ERROR] Worker (pid:93876) was sent SIGSEGV!
[2026-02-28 21:53:55 +0500] [93589] [ERROR] Worker (pid:93877) was sent SIGSEGV!
[2026-02-28 21:53:55 +0500] [93589] [ERROR] Worker (pid:93880) was sent SIGSEGV!
[2026-02-28 21:53:55 +0500] [93589] [ERROR] Worker (pid:93882) was sent SIGSEGV!
[2026-02-28 21:53:55 +0500] [93589] [ERROR] Worker (pid:93884) was sent SIGSEGV!
[2026-02-28 21:53:55 +0500] [93589] [ERROR] Worker (pid:93885) was sent SIGSEGV!
[2026-02-28 21:53:55 +0500] [93589] [ERROR] Worker (pid:93886) was sent SIGSEGV!
[2026-02-28 21:53:55 +0500] [93589] [ERROR] Worker (pid:93887) was sent SIGSEGV!
[2026-02-28 21:53:55 +0500] [93589] [ERROR] Worker (pid:93888) was sent SIGSEGV!
[2026-02-28 21:53:55 +0500] [93589] [ERROR] Worker (pid:93889) was sent SIGSEGV!
[2026-02-28 21:53:55 +0500] [93589] [ERROR] Worker (pid:93891) was sent SIGSEGV!
[2026-02-28 21:53:56 +0500] [93589] [ERROR] Worker (pid:93892) was sent SIGSEGV!
[2026-02-28 21:53:56 +0500] [93589] [ERROR] Worker (pid:93895) was sent SIGSEGV!
[2026-02-28 21:53:56 +0500] [93589] [ERROR] Worker (pid:93896) was sent SIGSEGV!
[2026-02-28 21:53:56 +0500] [93589] [ERROR] Worker (pid:93898) was sent SIGSEGV!
[2026-02-28 21:53:56 +0500] [93589] [ERROR] Worker (pid:93901) was sent SIGSEGV!
[2026-02-28 21:53:56 +0500] [93589] [ERROR] Worker (pid:93903) was sent SIGSEGV!
[2026-02-28 21:53:56 +0500] [93589] [ERROR] Worker (pid:93907) was sent SIGSEGV!
[2026-02-28 21:53:56 +0500] [93589] [ERROR] Worker (pid:93910) was sent SIGSEGV!
[2026-02-28 21:53:56 +0500] [93589] [ERROR] Worker (pid:93911) was sent SIGSEGV!
[2026-02-28 21:53:57 +0500] [93589] [ERROR] Worker (pid:93912) was sent SIGSEGV!
[2026-02-28 21:53:57 +0500] [93589] [ERROR] Worker (pid:93913) was sent SIGSEGV!
[2026-02-28 21:53:57 +0500] [93589] [ERROR] Worker (pid:93914) was sent SIGSEGV!
[2026-02-28 21:53:57 +0500] [93589] [ERROR] Worker (pid:93915) was sent SIGSEGV!
[2026-02-28 21:53:57 +0500] [93589] [ERROR] Worker (pid:93916) was sent SIGSEGV!
[2026-02-28 21:53:57 +0500] [93589] [ERROR] Worker (pid:93917) was sent SIGSEGV!
[2026-02-28 21:53:57 +0500] [93589] [ERROR] Worker (pid:93918) was sent SIGSEGV!
[2026-02-28 21:53:57 +0500] [93589] [ERROR] Worker (pid:93919) was sent SIGSEGV!
[2026-02-28 21:53:57 +0500] [93589] [ERROR] Worker (pid:93920) was sent SIGSEGV!
[2026-02-28 21:53:58 +0500] [93589] [ERROR] Worker (pid:93924) was sent SIGSEGV!
[2026-02-28 21:53:58 +0500] [93589] [ERROR] Worker (pid:93926) was sent SIGSEGV!
[2026-02-28 21:53:58 +0500] [93589] [ERROR] Worker (pid:93927) was sent SIGSEGV!
[2026-02-28 21:53:58 +0500] [93589] [ERROR] Worker (pid:93928) was sent SIGSEGV!
[2026-02-28 21:53:58 +0500] [93589] [ERROR] Worker (pid:93929) was sent SIGSEGV!
[2026-02-28 21:53:58 +0500] [93589] [ERROR] Worker (pid:93930) was sent SIGSEGV!
[2026-02-28 21:53:58 +0500] [93589] [ERROR] Worker (pid:93932) was sent SIGSEGV!
[2026-02-28 21:53:59 +0500] [93589] [ERROR] Worker (pid:93933) was sent SIGSEGV!
[2026-02-28 21:53:59 +0500] [93589] [ERROR] Worker (pid:93936) was sent SIGSEGV!
[2026-02-28 21:53:59 +0500] [93589] [ERROR] Worker (pid:93938) was sent SIGSEGV!
[2026-02-28 21:53:59 +0500] [93589] [ERROR] Worker (pid:93939) was sent SIGSEGV!
[2026-02-28 21:53:59 +0500] [93589] [ERROR] Worker (pid:93941) was sent SIGSEGV!
[2026-02-28 21:53:59 +0500] [93589] [ERROR] Worker (pid:93943) was sent SIGSEGV!
[2026-02-28 21:53:59 +0500] [93589] [ERROR] Worker (pid:93946) was sent SIGSEGV!
[2026-02-28 21:53:59 +0500] [93589] [ERROR] Worker (pid:93947) was sent SIGSEGV!
[2026-02-28 21:53:59 +0500] [93589] [ERROR] Worker (pid:93948) was sent SIGSEGV!
[2026-02-28 21:53:59 +0500] [93589] [ERROR] Worker (pid:93949) was sent SIGSEGV!
[2026-02-28 21:54:00 +0500] [93589] [ERROR] Worker (pid:93950) was sent SIGSEGV!
[2026-02-28 21:54:00 +0500] [93589] [ERROR] Worker (pid:93951) was sent SIGSEGV!
[2026-02-28 21:54:00 +0500] [93589] [ERROR] Worker (pid:93952) was sent SIGSEGV!
[2026-02-28 21:54:00 +0500] [93589] [ERROR] Worker (pid:93955) was sent SIGSEGV!
[2026-02-28 21:54:00 +0500] [93589] [ERROR] Worker (pid:93957) was sent SIGSEGV!
[2026-02-28 21:54:00 +0500] [93589] [ERROR] Worker (pid:93958) was sent SIGSEGV!
[2026-02-28 21:54:00 +0500] [93589] [ERROR] Worker (pid:93961) was sent SIGSEGV!
[2026-02-28 21:54:00 +0500] [93589] [ERROR] Worker (pid:93962) was sent SIGSEGV!
[2026-02-28 21:54:00 +0500] [93589] [ERROR] Worker (pid:93964) was sent SIGSEGV!
[2026-02-28 21:54:00 +0500] [93589] [ERROR] Worker (pid:93966) was sent SIGSEGV!
[2026-02-28 21:54:01 +0500] [93589] [ERROR] Worker (pid:93969) was sent SIGSEGV!
[2026-02-28 21:54:01 +0500] [93589] [ERROR] Worker (pid:93972) was sent SIGSEGV!
[2026-02-28 21:54:01 +0500] [93589] [ERROR] Worker (pid:93973) was sent SIGSEGV!
[2026-02-28 21:54:01 +0500] [93589] [ERROR] Worker (pid:93974) was sent SIGSEGV!
[2026-02-28 21:54:01 +0500] [93589] [ERROR] Worker (pid:93975) was sent SIGSEGV!
[2026-02-28 21:54:01 +0500] [93589] [ERROR] Worker (pid:93976) was sent SIGSEGV!
[2026-02-28 21:54:01 +0500] [93589] [ERROR] Worker (pid:93977) was sent SIGSEGV!
[2026-02-28 21:54:01 +0500] [93589] [ERROR] Worker (pid:93978) was sent SIGSEGV!
[2026-02-28 21:54:01 +0500] [93589] [ERROR] Worker (pid:93979) was sent SIGSEGV!
[2026-02-28 21:54:01 +0500] [93589] [ERROR] Worker (pid:93980) was sent SIGSEGV!
[2026-02-28 21:54:01 +0500] [93589] [ERROR] Worker (pid:93981) was sent SIGSEGV!
[2026-02-28 21:54:02 +0500] [93589] [ERROR] Worker (pid:93984) was sent SIGSEGV!
[2026-02-28 21:54:02 +0500] [93589] [ERROR] Worker (pid:93987) was sent SIGSEGV!
[2026-02-28 21:54:02 +0500] [93589] [ERROR] Worker (pid:93988) was sent SIGSEGV!
[2026-02-28 21:54:02 +0500] [93589] [ERROR] Worker (pid:94003) was sent SIGSEGV!
[2026-02-28 21:54:02 +0500] [93589] [ERROR] Worker (pid:94089) was sent SIGSEGV!
[2026-02-28 21:54:02 +0500] [93589] [ERROR] Worker (pid:94090) was sent SIGSEGV!
[2026-02-28 21:54:02 +0500] [93589] [ERROR] Worker (pid:94091) was sent SIGSEGV!
[2026-02-28 21:54:02 +0500] [93589] [ERROR] Worker (pid:94092) was sent SIGSEGV!
[2026-02-28 21:54:02 +0500] [93589] [ERROR] Worker (pid:94093) was sent SIGSEGV!
[2026-02-28 21:54:03 +0500] [93589] [ERROR] Worker (pid:94094) was sent SIGSEGV!
[2026-02-28 21:54:03 +0500] [93589] [ERROR] Worker (pid:94095) was sent SIGSEGV!
[2026-02-28 21:54:03 +0500] [93589] [ERROR] Worker (pid:94096) was sent SIGSEGV!
[2026-02-28 21:54:03 +0500] [93589] [ERROR] Worker (pid:94099) was sent SIGSEGV!
[2026-02-28 21:54:03 +0500] [93589] [ERROR] Worker (pid:94100) was sent SIGSEGV!
[2026-02-28 21:54:03 +0500] [93589] [ERROR] Worker (pid:94101) was sent SIGSEGV!
[2026-02-28 21:54:03 +0500] [93589] [ERROR] Worker (pid:94103) was sent SIGSEGV!
[2026-02-28 21:54:03 +0500] [93589] [ERROR] Worker (pid:94106) was sent SIGSEGV!
[2026-02-28 21:54:04 +0500] [93589] [ERROR] Worker (pid:94107) was sent SIGSEGV!
[2026-02-28 21:54:04 +0500] [93589] [ERROR] Worker (pid:94109) was sent SIGSEGV!
[2026-02-28 21:54:04 +0500] [93589] [ERROR] Worker (pid:94111) was sent SIGSEGV!
[2026-02-28 21:54:04 +0500] [93589] [ERROR] Worker (pid:94113) was sent SIGSEGV!
[2026-02-28 21:54:04 +0500] [93589] [ERROR] Worker (pid:94114) was sent SIGSEGV!
[2026-02-28 21:54:05 +0500] [93589] [ERROR] Worker (pid:94115) was sent SIGSEGV!
[2026-02-28 21:54:05 +0500] [93589] [ERROR] Worker (pid:94118) was sent SIGSEGV!
[2026-02-28 21:54:05 +0500] [93589] [ERROR] Worker (pid:94184) was sent SIGSEGV!
[2026-02-28 21:54:06 +0500] [93589] [ERROR] Worker (pid:94262) was sent SIGSEGV!
[2026-02-28 21:54:06 +0500] [93589] [ERROR] Worker (pid:94276) was sent SIGSEGV!
[2026-02-28 21:54:06 +0500] [93589] [ERROR] Worker (pid:94280) was sent SIGSEGV!
[2026-02-28 21:54:06 +0500] [93589] [ERROR] Worker (pid:94290) was sent SIGSEGV!
[2026-02-28 21:54:06 +0500] [93589] [ERROR] Worker (pid:94297) was sent SIGSEGV!
[2026-02-28 21:54:06 +0500] [93589] [ERROR] Worker (pid:94300) was sent SIGSEGV!
[2026-02-28 21:54:06 +0500] [93589] [ERROR] Worker (pid:94301) was sent SIGSEGV!
[2026-02-28 21:54:06 +0500] [93589] [ERROR] Worker (pid:94302) was sent SIGSEGV!
[2026-02-28 21:54:07 +0500] [93589] [ERROR] Worker (pid:94303) was sent SIGSEGV!
[2026-02-28 21:54:07 +0500] [93589] [ERROR] Worker (pid:94305) was sent SIGSEGV!
[2026-02-28 21:54:07 +0500] [93589] [ERROR] Worker (pid:94308) was sent SIGSEGV!
[2026-02-28 21:54:07 +0500] [93589] [ERROR] Worker (pid:94310) was sent SIGSEGV!
[2026-02-28 21:54:07 +0500] [93589] [ERROR] Worker (pid:94311) was sent SIGSEGV!
[2026-02-28 21:54:07 +0500] [93589] [ERROR] Worker (pid:94313) was sent SIGSEGV!
[2026-02-28 21:54:08 +0500] [93589] [ERROR] Worker (pid:94315) was sent SIGSEGV!
[2026-02-28 21:54:08 +0500] [93589] [ERROR] Worker (pid:94319) was sent SIGSEGV!
[2026-02-28 21:54:08 +0500] [93589] [ERROR] Worker (pid:94320) was sent SIGSEGV!
[2026-02-28 21:54:08 +0500] [93589] [ERROR] Worker (pid:94321) was sent SIGSEGV!
[2026-02-28 21:54:09 +0500] [93589] [ERROR] Worker (pid:94325) was sent SIGSEGV!
[2026-02-28 21:54:09 +0500] [93589] [ERROR] Worker (pid:94330) was sent SIGSEGV!
[2026-02-28 21:54:09 +0500] [93589] [ERROR] Worker (pid:94335) was sent SIGSEGV!
[2026-02-28 21:54:09 +0500] [93589] [ERROR] Worker (pid:94338) was sent SIGSEGV!
[2026-02-28 21:54:09 +0500] [93589] [ERROR] Worker (pid:94351) was sent SIGSEGV!
[2026-02-28 21:54:10 +0500] [93589] [ERROR] Worker (pid:94353) was sent SIGSEGV!
[2026-02-28 21:54:10 +0500] [93589] [ERROR] Worker (pid:94355) was sent SIGSEGV!
[2026-02-28 21:54:10 +0500] [93589] [ERROR] Worker (pid:94356) was sent SIGSEGV!
[2026-02-28 21:54:10 +0500] [93589] [ERROR] Worker (pid:94365) was sent SIGSEGV!
[2026-02-28 21:54:10 +0500] [93589] [ERROR] Worker (pid:94368) was sent SIGSEGV!
[2026-02-28 21:54:11 +0500] [93589] [ERROR] Worker (pid:94370) was sent SIGSEGV!
[2026-02-28 21:54:11 +0500] [93589] [ERROR] Worker (pid:94372) was sent SIGSEGV!
[2026-02-28 21:54:11 +0500] [93589] [ERROR] Worker (pid:94380) was sent SIGSEGV!
[2026-02-28 21:54:11 +0500] [93589] [ERROR] Worker (pid:94382) was sent SIGSEGV!
[2026-02-28 21:54:11 +0500] [93589] [ERROR] Worker (pid:94389) was sent SIGSEGV!
[2026-02-28 21:54:11 +0500] [93589] [ERROR] Worker (pid:94390) was sent SIGSEGV!
[2026-02-28 21:54:12 +0500] [93589] [ERROR] Worker (pid:94492) was sent SIGSEGV!
[2026-02-28 21:54:12 +0500] [93589] [ERROR] Worker (pid:94493) was sent SIGSEGV!
[2026-02-28 21:54:12 +0500] [93589] [ERROR] Worker (pid:94494) was sent SIGSEGV!
[2026-02-28 21:54:12 +0500] [93589] [ERROR] Worker (pid:94495) was sent SIGSEGV!
[2026-02-28 21:54:13 +0500] [93589] [ERROR] Worker (pid:94498) was sent SIGSEGV!
[2026-02-28 21:54:13 +0500] [93589] [ERROR] Worker (pid:94502) was sent SIGSEGV!
[2026-02-28 21:54:13 +0500] [93589] [ERROR] Worker (pid:94503) was sent SIGSEGV!
[2026-02-28 21:54:13 +0500] [93589] [ERROR] Worker (pid:94504) was sent SIGSEGV!
[2026-02-28 21:54:14 +0500] [93589] [ERROR] Worker (pid:94507) was sent SIGSEGV!
[2026-02-28 21:54:14 +0500] [93589] [ERROR] Worker (pid:94508) was sent SIGSEGV!
[2026-02-28 21:54:14 +0500] [93589] [ERROR] Worker (pid:94509) was sent SIGSEGV!
[2026-02-28 21:54:14 +0500] [93589] [ERROR] Worker (pid:94510) was sent SIGSEGV!
[2026-02-28 21:54:14 +0500] [93589] [ERROR] Worker (pid:94513) was sent SIGSEGV!
[2026-02-28 21:54:15 +0500] [93589] [ERROR] Worker (pid:94519) was sent SIGSEGV!
[2026-02-28 21:54:15 +0500] [93589] [ERROR] Worker (pid:94522) was sent SIGSEGV!
[2026-02-28 21:54:15 +0500] [93589] [ERROR] Worker (pid:94524) was sent SIGSEGV!
[2026-02-28 21:54:16 +0500] [93589] [ERROR] Worker (pid:94532) was sent SIGSEGV!
[2026-02-28 21:54:16 +0500] [93589] [ERROR] Worker (pid:94604) was sent SIGSEGV!
[2026-02-28 21:54:16 +0500] [93589] [ERROR] Worker (pid:94605) was sent SIGSEGV!
[2026-02-28 21:54:16 +0500] [93589] [ERROR] Worker (pid:94606) was sent SIGSEGV!
[2026-02-28 21:54:16 +0500] [93589] [ERROR] Worker (pid:94613) was sent SIGSEGV!
[2026-02-28 21:54:16 +0500] [93589] [ERROR] Worker (pid:94615) was sent SIGSEGV!
[2026-02-28 21:54:17 +0500] [93589] [ERROR] Worker (pid:94617) was sent SIGSEGV!
[2026-02-28 21:54:17 +0500] [93589] [ERROR] Worker (pid:94619) was sent SIGSEGV!
[2026-02-28 21:54:17 +0500] [93589] [ERROR] Worker (pid:94631) was sent SIGSEGV!
[2026-02-28 21:54:17 +0500] [93589] [ERROR] Worker (pid:94635) was sent SIGSEGV!
[2026-02-28 21:54:17 +0500] [93589] [ERROR] Worker (pid:94637) was sent SIGSEGV!
[2026-02-28 21:54:17 +0500] [93589] [ERROR] Worker (pid:94638) was sent SIGSEGV!
[2026-02-28 21:54:18 +0500] [93589] [ERROR] Worker (pid:94641) was sent SIGSEGV!
[2026-02-28 21:54:18 +0500] [93589] [ERROR] Worker (pid:94642) was sent SIGSEGV!
[2026-02-28 21:54:18 +0500] [93589] [ERROR] Worker (pid:94643) was sent SIGSEGV!
[2026-02-28 21:54:18 +0500] [93589] [ERROR] Worker (pid:94644) was sent SIGSEGV!
[2026-02-28 21:54:18 +0500] [93589] [ERROR] Worker (pid:94647) was sent SIGSEGV!
[2026-02-28 21:54:18 +0500] [93589] [ERROR] Worker (pid:94652) was sent SIGSEGV!
[2026-02-28 21:54:18 +0500] [93589] [ERROR] Worker (pid:94653) was sent SIGSEGV!
[2026-02-28 21:54:18 +0500] [93589] [ERROR] Worker (pid:94654) was sent SIGSEGV!
[2026-02-28 21:54:19 +0500] [93589] [ERROR] Worker (pid:94657) was sent SIGSEGV!
[2026-02-28 21:54:19 +0500] [93589] [ERROR] Worker (pid:94659) was sent SIGSEGV!
[2026-02-28 21:54:19 +0500] [93589] [ERROR] Worker (pid:94661) was sent SIGSEGV!
[2026-02-28 21:54:19 +0500] [93589] [ERROR] Worker (pid:94664) was sent SIGSEGV!
[2026-02-28 21:54:20 +0500] [93589] [ERROR] Worker (pid:94672) was sent SIGSEGV!
[2026-02-28 21:54:20 +0500] [93589] [ERROR] Worker (pid:94674) was sent SIGSEGV!
[2026-02-28 21:54:20 +0500] [93589] [ERROR] Worker (pid:94675) was sent SIGSEGV!
[2026-02-28 21:54:20 +0500] [93589] [ERROR] Worker (pid:94676) was sent SIGSEGV!
[2026-02-28 21:54:20 +0500] [93589] [ERROR] Worker (pid:94679) was sent SIGSEGV!
[2026-02-28 21:54:20 +0500] [93589] [ERROR] Worker (pid:94680) was sent SIGSEGV!
[2026-02-28 21:54:20 +0500] [93589] [ERROR] Worker (pid:94681) was sent SIGSEGV!
[2026-02-28 21:54:21 +0500] [93589] [ERROR] Worker (pid:94683) was sent SIGSEGV!
[2026-02-28 21:54:21 +0500] [93589] [ERROR] Worker (pid:94689) was sent SIGSEGV!
[2026-02-28 21:54:21 +0500] [93589] [ERROR] Worker (pid:94690) was sent SIGSEGV!
[2026-02-28 21:54:21 +0500] [93589] [ERROR] Worker (pid:94692) was sent SIGSEGV!
[2026-02-28 21:54:21 +0500] [93589] [ERROR] Worker (pid:94695) was sent SIGSEGV!
[2026-02-28 21:54:22 +0500] [93589] [ERROR] Worker (pid:94702) was sent SIGSEGV!
[2026-02-28 21:54:22 +0500] [93589] [ERROR] Worker (pid:94704) was sent SIGSEGV!
[2026-02-28 21:54:22 +0500] [93589] [ERROR] Worker (pid:94705) was sent SIGSEGV!
[2026-02-28 21:54:22 +0500] [93589] [ERROR] Worker (pid:94712) was sent SIGSEGV!
[2026-02-28 21:54:22 +0500] [93589] [ERROR] Worker (pid:94718) was sent SIGSEGV!
[2026-02-28 21:54:22 +0500] [93589] [ERROR] Worker (pid:94723) was sent SIGSEGV!
[2026-02-28 21:54:23 +0500] [93589] [ERROR] Worker (pid:94725) was sent SIGSEGV!
[2026-02-28 21:54:23 +0500] [93589] [ERROR] Worker (pid:94728) was sent SIGSEGV!
[2026-02-28 21:54:23 +0500] [93589] [ERROR] Worker (pid:94731) was sent SIGSEGV!
[2026-02-28 21:54:23 +0500] [93589] [ERROR] Worker (pid:94732) was sent SIGSEGV!
[2026-02-28 21:54:23 +0500] [93589] [ERROR] Worker (pid:94733) was sent SIGSEGV!
[2026-02-28 21:54:23 +0500] [93589] [ERROR] Worker (pid:94734) was sent SIGSEGV!
[2026-02-28 21:54:23 +0500] [93589] [ERROR] Worker (pid:94739) was sent SIGSEGV!
[2026-02-28 21:54:24 +0500] [93589] [ERROR] Worker (pid:94741) was sent SIGSEGV!
[2026-02-28 21:54:24 +0500] [93589] [ERROR] Worker (pid:94742) was sent SIGSEGV!
[2026-02-28 21:54:24 +0500] [93589] [ERROR] Worker (pid:94744) was sent SIGSEGV!
[2026-02-28 21:54:24 +0500] [93589] [ERROR] Worker (pid:94751) was sent SIGSEGV!
[2026-02-28 21:54:24 +0500] [93589] [ERROR] Worker (pid:94754) was sent SIGSEGV!
[2026-02-28 21:54:24 +0500] [93589] [ERROR] Worker (pid:94756) was sent SIGSEGV!
[2026-02-28 21:54:25 +0500] [93589] [ERROR] Worker (pid:94758) was sent SIGSEGV!
[2026-02-28 21:54:25 +0500] [93589] [ERROR] Worker (pid:94761) was sent SIGSEGV!
[2026-02-28 21:54:25 +0500] [93589] [ERROR] Worker (pid:94763) was sent SIGSEGV!
[2026-02-28 21:54:25 +0500] [93589] [ERROR] Worker (pid:94764) was sent SIGSEGV!
[2026-02-28 21:54:25 +0500] [93589] [ERROR] Worker (pid:94767) was sent SIGSEGV!
[2026-02-28 21:54:25 +0500] [93589] [ERROR] Worker (pid:94772) was sent SIGSEGV!
[2026-02-28 21:54:25 +0500] [93589] [ERROR] Worker (pid:94774) was sent SIGSEGV!
[2026-02-28 21:54:26 +0500] [93589] [ERROR] Worker (pid:94775) was sent SIGSEGV!
[2026-02-28 21:54:26 +0500] [93589] [ERROR] Worker (pid:94776) was sent SIGSEGV!
[2026-02-28 21:54:26 +0500] [93589] [ERROR] Worker (pid:94779) was sent SIGSEGV!
[2026-02-28 21:54:26 +0500] [93589] [ERROR] Worker (pid:94780) was sent SIGSEGV!
[2026-02-28 21:54:26 +0500] [93589] [ERROR] Worker (pid:94783) was sent SIGSEGV!
[2026-02-28 21:54:26 +0500] [93589] [ERROR] Worker (pid:94786) was sent SIGSEGV!
[2026-02-28 21:54:27 +0500] [93589] [ERROR] Worker (pid:94795) was sent SIGSEGV!
[2026-02-28 21:54:27 +0500] [93589] [ERROR] Worker (pid:94796) was sent SIGSEGV!
[2026-02-28 21:54:27 +0500] [93589] [ERROR] Worker (pid:94799) was sent SIGSEGV!
[2026-02-28 21:54:27 +0500] [93589] [ERROR] Worker (pid:94801) was sent SIGSEGV!
[2026-02-28 21:54:28 +0500] [93589] [ERROR] Worker (pid:94811) was sent SIGSEGV!
[2026-02-28 21:54:28 +0500] [93589] [ERROR] Worker (pid:94812) was sent SIGSEGV!
[2026-02-28 21:54:29 +0500] [93589] [ERROR] Worker (pid:94814) was sent SIGSEGV!
[2026-02-28 21:54:29 +0500] [93589] [ERROR] Worker (pid:94815) was sent SIGSEGV!
[2026-02-28 21:54:29 +0500] [93589] [ERROR] Worker (pid:94818) was sent SIGSEGV!
[2026-02-28 21:54:30 +0500] [93589] [ERROR] Worker (pid:94819) was sent SIGSEGV!
[2026-02-28 21:54:30 +0500] [93589] [ERROR] Worker (pid:94820) was sent SIGSEGV!
[2026-02-28 21:54:30 +0500] [93589] [ERROR] Worker (pid:94821) was sent SIGSEGV!
[2026-02-28 21:54:31 +0500] [93589] [ERROR] Worker (pid:94926) was sent SIGSEGV!
[2026-02-28 21:54:31 +0500] [93589] [ERROR] Worker (pid:94929) was sent SIGSEGV!
[2026-02-28 21:54:31 +0500] [93589] [ERROR] Worker (pid:94930) was sent SIGSEGV!
[2026-02-28 21:54:31 +0500] [93589] [ERROR] Worker (pid:94931) was sent SIGSEGV!
[2026-02-28 21:54:32 +0500] [93589] [ERROR] Worker (pid:94945) was sent SIGSEGV!
[2026-02-28 21:54:32 +0500] [93589] [ERROR] Worker (pid:94948) was sent SIGSEGV!
[2026-02-28 21:54:32 +0500] [93589] [ERROR] Worker (pid:94949) was sent SIGSEGV!
[2026-02-28 21:54:32 +0500] [93589] [ERROR] Worker (pid:94950) was sent SIGSEGV!
[2026-02-28 21:54:32 +0500] [93589] [ERROR] Worker (pid:94953) was sent SIGSEGV!
[2026-02-28 21:54:32 +0500] [93589] [ERROR] Worker (pid:94954) was sent SIGSEGV!
[2026-02-28 21:54:32 +0500] [93589] [ERROR] Worker (pid:94955) was sent SIGSEGV!
[2026-02-28 21:54:33 +0500] [93589] [ERROR] Worker (pid:94956) was sent SIGSEGV!
[2026-02-28 21:54:33 +0500] [93589] [ERROR] Worker (pid:94961) was sent SIGSEGV!
[2026-02-28 21:54:33 +0500] [93589] [ERROR] Worker (pid:94962) was sent SIGSEGV!
[2026-02-28 21:54:33 +0500] [93589] [ERROR] Worker (pid:94964) was sent SIGSEGV!
[2026-02-28 21:54:33 +0500] [93589] [ERROR] Worker (pid:94965) was sent SIGSEGV!
[2026-02-28 21:54:34 +0500] [93589] [ERROR] Worker (pid:94969) was sent SIGSEGV!
[2026-02-28 21:54:34 +0500] [93589] [ERROR] Worker (pid:94970) was sent SIGSEGV!
[2026-02-28 21:54:34 +0500] [93589] [ERROR] Worker (pid:94971) was sent SIGSEGV!
[2026-02-28 21:54:34 +0500] [93589] [ERROR] Worker (pid:94972) was sent SIGSEGV!
[2026-02-28 21:54:35 +0500] [93589] [ERROR] Worker (pid:94977) was sent SIGSEGV!
[2026-02-28 21:54:35 +0500] [93589] [ERROR] Worker (pid:94978) was sent SIGSEGV!
[2026-02-28 21:54:35 +0500] [93589] [ERROR] Worker (pid:94979) was sent SIGSEGV!
[2026-02-28 21:54:35 +0500] [93589] [ERROR] Worker (pid:94981) was sent SIGSEGV!
[2026-02-28 21:54:35 +0500] [93589] [ERROR] Worker (pid:94987) was sent SIGSEGV!
[2026-02-28 21:54:35 +0500] [93589] [ERROR] Worker (pid:94988) was sent SIGSEGV!
[2026-02-28 21:54:36 +0500] [93589] [ERROR] Worker (pid:94989) was sent SIGSEGV!
[2026-02-28 21:54:36 +0500] [93589] [ERROR] Worker (pid:94990) was sent SIGSEGV!
[2026-02-28 21:54:36 +0500] [93589] [ERROR] Worker (pid:94995) was sent SIGSEGV!
[2026-02-28 21:54:36 +0500] [93589] [ERROR] Worker (pid:94996) was sent SIGSEGV!
[2026-02-28 21:54:37 +0500] [93589] [ERROR] Worker (pid:94999) was sent SIGSEGV!
[2026-02-28 21:54:37 +0500] [93589] [ERROR] Worker (pid:95003) was sent SIGSEGV!
[2026-02-28 21:54:37 +0500] [93589] [ERROR] Worker (pid:95007) was sent SIGSEGV!
[2026-02-28 21:54:37 +0500] [93589] [ERROR] Worker (pid:95008) was sent SIGSEGV!
[2026-02-28 21:54:37 +0500] [93589] [ERROR] Worker (pid:95009) was sent SIGSEGV!
[2026-02-28 21:54:37 +0500] [93589] [ERROR] Worker (pid:95010) was sent SIGSEGV!
[2026-02-28 21:54:38 +0500] [93589] [ERROR] Worker (pid:95013) was sent SIGSEGV!
[2026-02-28 21:54:38 +0500] [93589] [ERROR] Worker (pid:95014) was sent SIGSEGV!
[2026-02-28 21:54:38 +0500] [93589] [ERROR] Worker (pid:95015) was sent SIGSEGV!
[2026-02-28 21:54:38 +0500] [93589] [ERROR] Worker (pid:95016) was sent SIGSEGV!
[2026-02-28 21:54:39 +0500] [93589] [ERROR] Worker (pid:95022) was sent SIGSEGV!
[2026-02-28 21:54:39 +0500] [93589] [ERROR] Worker (pid:95023) was sent SIGSEGV!
[2026-02-28 21:54:39 +0500] [93589] [ERROR] Worker (pid:95024) was sent SIGSEGV!
[2026-02-28 21:54:39 +0500] [93589] [ERROR] Worker (pid:95025) was sent SIGSEGV!
[2026-02-28 21:54:39 +0500] [93589] [ERROR] Worker (pid:95032) was sent SIGSEGV!
[2026-02-28 21:54:39 +0500] [93589] [ERROR] Worker (pid:95033) was sent SIGSEGV!
[2026-02-28 21:54:39 +0500] [93589] [ERROR] Worker (pid:95034) was sent SIGSEGV!
[2026-02-28 21:54:39 +0500] [93589] [ERROR] Worker (pid:95035) was sent SIGSEGV!
[2026-02-28 21:54:40 +0500] [93589] [ERROR] Worker (pid:95038) was sent SIGSEGV!
[2026-02-28 21:54:40 +0500] [93589] [ERROR] Worker (pid:95039) was sent SIGSEGV!
[2026-02-28 21:54:40 +0500] [93589] [ERROR] Worker (pid:95040) was sent SIGSEGV!
[2026-02-28 21:54:40 +0500] [93589] [ERROR] Worker (pid:95042) was sent SIGSEGV!
[2026-02-28 21:54:41 +0500] [93589] [ERROR] Worker (pid:95046) was sent SIGSEGV!
[2026-02-28 21:54:41 +0500] [93589] [ERROR] Worker (pid:95047) was sent SIGSEGV!
[2026-02-28 21:54:41 +0500] [93589] [ERROR] Worker (pid:95048) was sent SIGSEGV!
[2026-02-28 21:54:41 +0500] [93589] [ERROR] Worker (pid:95049) was sent SIGSEGV!
[2026-02-28 21:54:41 +0500] [93589] [ERROR] Worker (pid:95055) was sent SIGSEGV!
[2026-02-28 21:54:41 +0500] [93589] [ERROR] Worker (pid:95058) was sent SIGSEGV!
[2026-02-28 21:54:42 +0500] [93589] [ERROR] Worker (pid:95059) was sent SIGSEGV!
[2026-02-28 21:54:42 +0500] [93589] [ERROR] Worker (pid:95060) was sent SIGSEGV!
[2026-02-28 21:54:42 +0500] [93589] [ERROR] Worker (pid:95063) was sent SIGSEGV!
[2026-02-28 21:54:42 +0500] [93589] [ERROR] Worker (pid:95065) was sent SIGSEGV!
[2026-02-28 21:54:43 +0500] [93589] [ERROR] Worker (pid:95067) was sent SIGSEGV!
[2026-02-28 21:54:43 +0500] [93589] [ERROR] Worker (pid:95068) was sent SIGSEGV!
[2026-02-28 21:54:43 +0500] [93589] [ERROR] Worker (pid:95071) was sent SIGSEGV!
[2026-02-28 21:54:43 +0500] [93589] [ERROR] Worker (pid:95072) was sent SIGSEGV!
[2026-02-28 21:54:43 +0500] [93589] [ERROR] Worker (pid:95074) was sent SIGSEGV!
[2026-02-28 21:54:43 +0500] [93589] [ERROR] Worker (pid:95078) was sent SIGSEGV!
[2026-02-28 21:54:44 +0500] [93589] [ERROR] Worker (pid:95081) was sent SIGSEGV!
[2026-02-28 21:54:44 +0500] [93589] [ERROR] Worker (pid:95082) was sent SIGSEGV!
[2026-02-28 21:54:44 +0500] [93589] [ERROR] Worker (pid:95083) was sent SIGSEGV!
[2026-02-28 21:54:44 +0500] [93589] [ERROR] Worker (pid:95085) was sent SIGSEGV!
[2026-02-28 21:54:45 +0500] [93589] [ERROR] Worker (pid:95088) was sent SIGSEGV!
[2026-02-28 21:54:45 +0500] [93589] [ERROR] Worker (pid:95089) was sent SIGSEGV!
[2026-02-28 21:54:45 +0500] [93589] [ERROR] Worker (pid:95090) was sent SIGSEGV!
[2026-02-28 21:54:45 +0500] [93589] [ERROR] Worker (pid:95091) was sent SIGSEGV!
[2026-02-28 21:54:45 +0500] [93589] [ERROR] Worker (pid:95094) was sent SIGSEGV!
[2026-02-28 21:54:45 +0500] [93589] [ERROR] Worker (pid:95095) was sent SIGSEGV!
[2026-02-28 21:54:46 +0500] [93589] [ERROR] Worker (pid:95096) was sent SIGSEGV!
[2026-02-28 21:54:46 +0500] [93589] [ERROR] Worker (pid:95097) was sent SIGSEGV!
[2026-02-28 21:54:46 +0500] [93589] [ERROR] Worker (pid:95101) was sent SIGSEGV!
[2026-02-28 21:54:46 +0500] [93589] [ERROR] Worker (pid:95102) was sent SIGSEGV!
[2026-02-28 21:54:47 +0500] [93589] [ERROR] Worker (pid:95103) was sent SIGSEGV!
[2026-02-28 21:54:47 +0500] [93589] [ERROR] Worker (pid:95109) was sent SIGSEGV!
[2026-02-28 21:54:47 +0500] [93589] [ERROR] Worker (pid:95113) was sent SIGSEGV!
[2026-02-28 21:54:47 +0500] [93589] [ERROR] Worker (pid:95114) was sent SIGSEGV!
[2026-02-28 21:54:47 +0500] [93589] [ERROR] Worker (pid:95115) was sent SIGSEGV!
[2026-02-28 21:54:47 +0500] [93589] [ERROR] Worker (pid:95116) was sent SIGSEGV!
[2026-02-28 21:54:48 +0500] [93589] [ERROR] Worker (pid:95123) was sent SIGSEGV!
[2026-02-28 21:54:48 +0500] [93589] [ERROR] Worker (pid:95124) was sent SIGSEGV!
[2026-02-28 21:54:48 +0500] [93589] [ERROR] Worker (pid:95126) was sent SIGSEGV!
[2026-02-28 21:54:48 +0500] [93589] [ERROR] Worker (pid:95127) was sent SIGSEGV!
[2026-02-28 21:54:48 +0500] [93589] [ERROR] Worker (pid:95131) was sent SIGSEGV!
[2026-02-28 21:54:49 +0500] [93589] [ERROR] Worker (pid:95132) was sent SIGSEGV!
[2026-02-28 21:54:49 +0500] [93589] [ERROR] Worker (pid:95133) was sent SIGSEGV!
[2026-02-28 21:54:49 +0500] [93589] [ERROR] Worker (pid:95134) was sent SIGSEGV!
[2026-02-28 21:54:49 +0500] [93589] [ERROR] Worker (pid:95138) was sent SIGSEGV!
[2026-02-28 21:54:49 +0500] [93589] [ERROR] Worker (pid:95140) was sent SIGSEGV!
[2026-02-28 21:54:50 +0500] [93589] [ERROR] Worker (pid:95141) was sent SIGSEGV!
[2026-02-28 21:54:50 +0500] [93589] [ERROR] Worker (pid:95142) was sent SIGSEGV!
[2026-02-28 21:54:50 +0500] [93589] [ERROR] Worker (pid:95145) was sent SIGSEGV!
[2026-02-28 21:54:50 +0500] [93589] [ERROR] Worker (pid:95146) was sent SIGSEGV!
[2026-02-28 21:54:50 +0500] [93589] [ERROR] Worker (pid:95147) was sent SIGSEGV!
[2026-02-28 21:54:50 +0500] [93589] [ERROR] Worker (pid:95148) was sent SIGSEGV!
[2026-02-28 21:54:51 +0500] [93589] [ERROR] Worker (pid:95151) was sent SIGSEGV!
[2026-02-28 21:54:51 +0500] [93589] [ERROR] Worker (pid:95153) was sent SIGSEGV!
[2026-02-28 21:54:52 +0500] [93589] [ERROR] Worker (pid:95154) was sent SIGSEGV!
[2026-02-28 21:54:52 +0500] [93589] [ERROR] Worker (pid:95156) was sent SIGSEGV!
[2026-02-28 21:54:52 +0500] [93589] [ERROR] Worker (pid:95170) was sent SIGSEGV!
[2026-02-28 21:54:52 +0500] [93589] [ERROR] Worker (pid:95172) was sent SIGSEGV!
[2026-02-28 21:54:52 +0500] [93589] [ERROR] Worker (pid:95175) was sent SIGSEGV!
[2026-02-28 21:54:52 +0500] [93589] [ERROR] Worker (pid:95176) was sent SIGSEGV!
[2026-02-28 21:54:53 +0500] [93589] [ERROR] Worker (pid:95182) was sent SIGSEGV!
[2026-02-28 21:54:53 +0500] [93589] [ERROR] Worker (pid:95184) was sent SIGSEGV!
[2026-02-28 21:54:53 +0500] [93589] [ERROR] Worker (pid:95185) was sent SIGSEGV!
[2026-02-28 21:54:53 +0500] [93589] [ERROR] Worker (pid:95187) was sent SIGSEGV!
[2026-02-28 21:54:54 +0500] [93589] [ERROR] Worker (pid:95192) was sent SIGSEGV!
[2026-02-28 21:54:54 +0500] [93589] [ERROR] Worker (pid:95194) was sent SIGSEGV!
[2026-02-28 21:54:54 +0500] [93589] [ERROR] Worker (pid:95196) was sent SIGSEGV!
[2026-02-28 21:54:54 +0500] [93589] [ERROR] Worker (pid:95198) was sent SIGSEGV!
[2026-02-28 21:54:54 +0500] [93589] [ERROR] Worker (pid:95204) was sent SIGSEGV!
[2026-02-28 21:54:54 +0500] [93589] [ERROR] Worker (pid:95206) was sent SIGSEGV!
[2026-02-28 21:54:55 +0500] [93589] [ERROR] Worker (pid:95209) was sent SIGSEGV!
[2026-02-28 21:54:55 +0500] [93589] [ERROR] Worker (pid:95212) was sent SIGSEGV!
[2026-02-28 21:54:55 +0500] [93589] [ERROR] Worker (pid:95215) was sent SIGSEGV!
[2026-02-28 21:54:55 +0500] [93589] [ERROR] Worker (pid:95216) was sent SIGSEGV!
[2026-02-28 21:54:56 +0500] [93589] [ERROR] Worker (pid:95218) was sent SIGSEGV!
[2026-02-28 21:54:56 +0500] [93589] [ERROR] Worker (pid:95219) was sent SIGSEGV!
[2026-02-28 21:54:56 +0500] [93589] [ERROR] Worker (pid:95226) was sent SIGSEGV!
[2026-02-28 21:54:56 +0500] [93589] [ERROR] Worker (pid:95227) was sent SIGSEGV!
[2026-02-28 21:54:56 +0500] [93589] [ERROR] Worker (pid:95228) was sent SIGSEGV!
[2026-02-28 21:54:56 +0500] [93589] [ERROR] Worker (pid:95229) was sent SIGSEGV!
[2026-02-28 21:54:57 +0500] [93589] [ERROR] Worker (pid:95232) was sent SIGSEGV!
[2026-02-28 21:54:57 +0500] [93589] [ERROR] Worker (pid:95233) was sent SIGSEGV!
[2026-02-28 21:54:57 +0500] [93589] [ERROR] Worker (pid:95234) was sent SIGSEGV!
[2026-02-28 21:54:57 +0500] [93589] [ERROR] Worker (pid:95235) was sent SIGSEGV!
[2026-02-28 21:54:58 +0500] [93589] [ERROR] Worker (pid:95242) was sent SIGSEGV!
[2026-02-28 21:54:58 +0500] [93589] [ERROR] Worker (pid:95245) was sent SIGSEGV!
[2026-02-28 21:54:58 +0500] [93589] [ERROR] Worker (pid:95246) was sent SIGSEGV!
[2026-02-28 21:54:58 +0500] [93589] [ERROR] Worker (pid:95247) was sent SIGSEGV!
[2026-02-28 21:54:58 +0500] [93589] [ERROR] Worker (pid:95250) was sent SIGSEGV!
[2026-02-28 21:54:58 +0500] [93589] [ERROR] Worker (pid:95251) was sent SIGSEGV!
[2026-02-28 21:54:58 +0500] [93589] [ERROR] Worker (pid:95252) was sent SIGSEGV!
[2026-02-28 21:54:58 +0500] [93589] [ERROR] Worker (pid:95253) was sent SIGSEGV!
[2026-02-28 21:54:59 +0500] [93589] [ERROR] Worker (pid:95256) was sent SIGSEGV!
[2026-02-28 21:54:59 +0500] [93589] [ERROR] Worker (pid:95257) was sent SIGSEGV!
[2026-02-28 21:54:59 +0500] [93589] [ERROR] Worker (pid:95258) was sent SIGSEGV!
[2026-02-28 21:54:59 +0500] [93589] [ERROR] Worker (pid:95259) was sent SIGSEGV!
[2026-02-28 21:55:00 +0500] [93589] [ERROR] Worker (pid:95263) was sent SIGSEGV!
[2026-02-28 21:55:00 +0500] [93589] [ERROR] Worker (pid:95264) was sent SIGSEGV!
[2026-02-28 21:55:00 +0500] [93589] [ERROR] Worker (pid:95265) was sent SIGSEGV!
[2026-02-28 21:55:00 +0500] [93589] [ERROR] Worker (pid:95270) was sent SIGSEGV!
[2026-02-28 21:55:00 +0500] [93589] [ERROR] Worker (pid:95274) was sent SIGSEGV!
[2026-02-28 21:55:00 +0500] [93589] [ERROR] Worker (pid:95275) was sent SIGSEGV!
[2026-02-28 21:55:01 +0500] [93589] [ERROR] Worker (pid:95276) was sent SIGSEGV!
[2026-02-28 21:55:01 +0500] [93589] [ERROR] Worker (pid:95278) was sent SIGSEGV!
[2026-02-28 21:55:01 +0500] [93589] [ERROR] Worker (pid:95281) was sent SIGSEGV!
[2026-02-28 21:55:01 +0500] [93589] [ERROR] Worker (pid:95282) was sent SIGSEGV!
[2026-02-28 21:55:01 +0500] [93589] [ERROR] Worker (pid:95338) was sent SIGSEGV!
[2026-02-28 21:55:01 +0500] [93589] [ERROR] Worker (pid:95415) was sent SIGSEGV!
[2026-02-28 21:55:02 +0500] [93589] [ERROR] Worker (pid:95445) was sent SIGSEGV!
[2026-02-28 21:55:02 +0500] [93589] [ERROR] Worker (pid:95447) was sent SIGSEGV!
[2026-02-28 21:55:02 +0500] [93589] [ERROR] Worker (pid:95449) was sent SIGSEGV!
[2026-02-28 21:55:02 +0500] [93589] [ERROR] Worker (pid:95451) was sent SIGSEGV!
[2026-02-28 21:55:03 +0500] [93589] [ERROR] Worker (pid:95461) was sent SIGSEGV!
[2026-02-28 21:55:03 +0500] [93589] [ERROR] Worker (pid:95462) was sent SIGSEGV!
[2026-02-28 21:55:03 +0500] [93589] [ERROR] Worker (pid:95463) was sent SIGSEGV!
[2026-02-28 21:55:03 +0500] [93589] [ERROR] Worker (pid:95466) was sent SIGSEGV!
[2026-02-28 21:55:03 +0500] [93589] [ERROR] Worker (pid:95470) was sent SIGSEGV!
[2026-02-28 21:55:03 +0500] [93589] [ERROR] Worker (pid:95473) was sent SIGSEGV!
[2026-02-28 21:55:03 +0500] [93589] [ERROR] Worker (pid:95479) was sent SIGSEGV!
[2026-02-28 21:55:03 +0500] [93589] [ERROR] Worker (pid:95481) was sent SIGSEGV!
[2026-02-28 21:55:04 +0500] [93589] [ERROR] Worker (pid:95485) was sent SIGSEGV!
[2026-02-28 21:55:04 +0500] [93589] [ERROR] Worker (pid:95491) was sent SIGSEGV!
[2026-02-28 21:55:04 +0500] [93589] [ERROR] Worker (pid:95492) was sent SIGSEGV!
[2026-02-28 21:55:04 +0500] [93589] [ERROR] Worker (pid:95493) was sent SIGSEGV!
[2026-02-28 21:55:04 +0500] [93589] [ERROR] Worker (pid:95496) was sent SIGSEGV!
[2026-02-28 21:55:05 +0500] [93589] [ERROR] Worker (pid:95497) was sent SIGSEGV!
[2026-02-28 21:55:05 +0500] [93589] [ERROR] Worker (pid:95498) was sent SIGSEGV!
[2026-02-28 21:55:05 +0500] [93589] [ERROR] Worker (pid:95499) was sent SIGSEGV!
[2026-02-28 21:55:05 +0500] [93589] [ERROR] Worker (pid:95503) was sent SIGSEGV!
[2026-02-28 21:55:06 +0500] [93589] [ERROR] Worker (pid:95504) was sent SIGSEGV!
[2026-02-28 21:55:06 +0500] [93589] [ERROR] Worker (pid:95505) was sent SIGSEGV!
[2026-02-28 21:55:06 +0500] [93589] [ERROR] Worker (pid:95506) was sent SIGSEGV!
[2026-02-28 21:55:06 +0500] [93589] [ERROR] Worker (pid:95509) was sent SIGSEGV!
[2026-02-28 21:55:06 +0500] [93589] [ERROR] Worker (pid:95510) was sent SIGSEGV!
[2026-02-28 21:55:06 +0500] [93589] [ERROR] Worker (pid:95511) was sent SIGSEGV!
[2026-02-28 21:55:06 +0500] [93589] [ERROR] Worker (pid:95512) was sent SIGSEGV!
[2026-02-28 21:55:07 +0500] [93589] [ERROR] Worker (pid:95518) was sent SIGSEGV!
[2026-02-28 21:55:07 +0500] [93589] [ERROR] Worker (pid:95519) was sent SIGSEGV!
[2026-02-28 21:55:07 +0500] [93589] [ERROR] Worker (pid:95521) was sent SIGSEGV!
[2026-02-28 21:55:07 +0500] [93589] [ERROR] Worker (pid:95523) was sent SIGSEGV!
[2026-02-28 21:55:07 +0500] [93589] [ERROR] Worker (pid:95528) was sent SIGSEGV!
[2026-02-28 21:55:08 +0500] [93589] [ERROR] Worker (pid:95529) was sent SIGSEGV!
[2026-02-28 21:55:08 +0500] [93589] [ERROR] Worker (pid:95530) was sent SIGSEGV!
[2026-02-28 21:55:08 +0500] [93589] [ERROR] Worker (pid:95531) was sent SIGSEGV!
[2026-02-28 21:55:08 +0500] [93589] [ERROR] Worker (pid:95538) was sent SIGSEGV!
[2026-02-28 21:55:08 +0500] [93589] [ERROR] Worker (pid:95539) was sent SIGSEGV!
[2026-02-28 21:55:08 +0500] [93589] [ERROR] Worker (pid:95540) was sent SIGSEGV!
[2026-02-28 21:55:08 +0500] [93589] [ERROR] Worker (pid:95541) was sent SIGSEGV!
[2026-02-28 21:55:09 +0500] [93589] [ERROR] Worker (pid:95544) was sent SIGSEGV!
[2026-02-28 21:55:09 +0500] [93589] [ERROR] Worker (pid:95545) was sent SIGSEGV!
[2026-02-28 21:55:09 +0500] [93589] [ERROR] Worker (pid:95548) was sent SIGSEGV!
[2026-02-28 21:55:09 +0500] [93589] [ERROR] Worker (pid:95549) was sent SIGSEGV!
[2026-02-28 21:55:09 +0500] [93589] [ERROR] Worker (pid:95553) was sent SIGSEGV!
[2026-02-28 21:55:10 +0500] [93589] [ERROR] Worker (pid:95554) was sent SIGSEGV!
[2026-02-28 21:55:10 +0500] [93589] [ERROR] Worker (pid:95555) was sent SIGSEGV!
[2026-02-28 21:55:10 +0500] [93589] [ERROR] Worker (pid:95556) was sent SIGSEGV!
[2026-02-28 21:55:10 +0500] [93589] [ERROR] Worker (pid:95559) was sent SIGSEGV!
[2026-02-28 21:55:10 +0500] [93589] [ERROR] Worker (pid:95560) was sent SIGSEGV!
[2026-02-28 21:55:10 +0500] [93589] [ERROR] Worker (pid:95561) was sent SIGSEGV!
[2026-02-28 21:55:10 +0500] [93589] [ERROR] Worker (pid:95562) was sent SIGSEGV!
[2026-02-28 21:55:11 +0500] [93589] [ERROR] Worker (pid:95565) was sent SIGSEGV!
[2026-02-28 21:55:11 +0500] [93589] [ERROR] Worker (pid:95567) was sent SIGSEGV!
[2026-02-28 21:55:11 +0500] [93589] [ERROR] Worker (pid:95568) was sent SIGSEGV!
[2026-02-28 21:55:11 +0500] [93589] [ERROR] Worker (pid:95569) was sent SIGSEGV!
[2026-02-28 21:55:12 +0500] [93589] [ERROR] Worker (pid:95573) was sent SIGSEGV!
[2026-02-28 21:55:12 +0500] [93589] [ERROR] Worker (pid:95575) was sent SIGSEGV!
[2026-02-28 21:55:12 +0500] [93589] [ERROR] Worker (pid:95576) was sent SIGSEGV!
[2026-02-28 21:55:12 +0500] [93589] [ERROR] Worker (pid:95577) was sent SIGSEGV!
[2026-02-28 21:55:12 +0500] [93589] [ERROR] Worker (pid:95660) was sent SIGSEGV!
[2026-02-28 21:55:12 +0500] [93589] [ERROR] Worker (pid:95661) was sent SIGSEGV!
[2026-02-28 21:55:13 +0500] [93589] [ERROR] Worker (pid:95662) was sent SIGSEGV!
[2026-02-28 21:55:13 +0500] [93589] [ERROR] Worker (pid:95664) was sent SIGSEGV!
[2026-02-28 21:55:13 +0500] [93589] [ERROR] Worker (pid:95668) was sent SIGSEGV!
[2026-02-28 21:55:13 +0500] [93589] [ERROR] Worker (pid:95671) was sent SIGSEGV!
[2026-02-28 21:55:13 +0500] [93589] [ERROR] Worker (pid:95672) was sent SIGSEGV!
[2026-02-28 21:55:13 +0500] [93589] [ERROR] Worker (pid:95673) was sent SIGSEGV!
[2026-02-28 21:55:13 +0500] [93589] [ERROR] Worker (pid:95676) was sent SIGSEGV!
[2026-02-28 21:55:14 +0500] [93589] [ERROR] Worker (pid:95677) was sent SIGSEGV!
[2026-02-28 21:55:14 +0500] [93589] [ERROR] Worker (pid:95678) was sent SIGSEGV!
[2026-02-28 21:55:14 +0500] [93589] [ERROR] Worker (pid:95679) was sent SIGSEGV!
[2026-02-28 21:55:14 +0500] [93589] [ERROR] Worker (pid:95687) was sent SIGSEGV!
[2026-02-28 21:55:14 +0500] [93589] [ERROR] Worker (pid:95688) was sent SIGSEGV!
[2026-02-28 21:55:14 +0500] [93589] [ERROR] Worker (pid:95690) was sent SIGSEGV!
[2026-02-28 21:55:15 +0500] [93589] [ERROR] Worker (pid:95691) was sent SIGSEGV!
[2026-02-28 21:55:15 +0500] [93589] [ERROR] Worker (pid:95694) was sent SIGSEGV!
[2026-02-28 21:55:15 +0500] [93589] [ERROR] Worker (pid:95695) was sent SIGSEGV!
[2026-02-28 21:55:15 +0500] [93589] [ERROR] Worker (pid:95696) was sent SIGSEGV!
[2026-02-28 21:55:15 +0500] [93589] [ERROR] Worker (pid:95697) was sent SIGSEGV!
[2026-02-28 21:55:15 +0500] [93589] [ERROR] Worker (pid:95700) was sent SIGSEGV!
[2026-02-28 21:55:15 +0500] [93589] [ERROR] Worker (pid:95701) was sent SIGSEGV!
[2026-02-28 21:55:15 +0500] [93589] [ERROR] Worker (pid:95702) was sent SIGSEGV!
[2026-02-28 21:55:16 +0500] [93589] [ERROR] Worker (pid:95703) was sent SIGSEGV!
[2026-02-28 21:55:16 +0500] [93589] [ERROR] Worker (pid:95706) was sent SIGSEGV!
[2026-02-28 21:55:16 +0500] [93589] [ERROR] Worker (pid:95707) was sent SIGSEGV!
[2026-02-28 21:55:16 +0500] [93589] [ERROR] Worker (pid:95711) was sent SIGSEGV!
[2026-02-28 21:55:16 +0500] [93589] [ERROR] Worker (pid:95714) was sent SIGSEGV!
[2026-02-28 21:55:17 +0500] [93589] [ERROR] Worker (pid:95717) was sent SIGSEGV!
[2026-02-28 21:55:17 +0500] [93589] [ERROR] Worker (pid:95718) was sent SIGSEGV!
[2026-02-28 21:55:17 +0500] [93589] [ERROR] Worker (pid:95719) was sent SIGSEGV!
[2026-02-28 21:55:17 +0500] [93589] [ERROR] Worker (pid:95720) was sent SIGSEGV!
[2026-02-28 21:55:17 +0500] [93589] [ERROR] Worker (pid:95725) was sent SIGSEGV!
[2026-02-28 21:55:17 +0500] [93589] [ERROR] Worker (pid:95726) was sent SIGSEGV!
[2026-02-28 21:55:17 +0500] [93589] [ERROR] Worker (pid:95727) was sent SIGSEGV!
[2026-02-28 21:55:18 +0500] [93589] [ERROR] Worker (pid:95728) was sent SIGSEGV!
[2026-02-28 21:55:18 +0500] [93589] [ERROR] Worker (pid:95732) was sent SIGSEGV!
[2026-02-28 21:55:18 +0500] [93589] [ERROR] Worker (pid:95733) was sent SIGSEGV!
[2026-02-28 21:55:18 +0500] [93589] [ERROR] Worker (pid:95739) was sent SIGSEGV!
[2026-02-28 21:55:18 +0500] [93589] [ERROR] Worker (pid:95740) was sent SIGSEGV!
[2026-02-28 21:55:19 +0500] [93589] [ERROR] Worker (pid:95743) was sent SIGSEGV!
[2026-02-28 21:55:19 +0500] [93589] [ERROR] Worker (pid:95744) was sent SIGSEGV!
[2026-02-28 21:55:19 +0500] [93589] [ERROR] Worker (pid:95745) was sent SIGSEGV!
[2026-02-28 21:55:19 +0500] [93589] [ERROR] Worker (pid:95746) was sent SIGSEGV!
[2026-02-28 21:55:19 +0500] [93589] [ERROR] Worker (pid:95750) was sent SIGSEGV!
[2026-02-28 21:55:19 +0500] [93589] [ERROR] Worker (pid:95751) was sent SIGSEGV!
[2026-02-28 21:55:20 +0500] [93589] [ERROR] Worker (pid:95752) was sent SIGSEGV!
[2026-02-28 21:55:20 +0500] [93589] [ERROR] Worker (pid:95753) was sent SIGSEGV!
[2026-02-28 21:55:20 +0500] [93589] [ERROR] Worker (pid:95757) was sent SIGSEGV!
[2026-02-28 21:55:20 +0500] [93589] [ERROR] Worker (pid:95758) was sent SIGSEGV!
[2026-02-28 21:55:20 +0500] [93589] [ERROR] Worker (pid:95764) was sent SIGSEGV!
[2026-02-28 21:55:20 +0500] [93589] [ERROR] Worker (pid:95765) was sent SIGSEGV!
[2026-02-28 21:55:21 +0500] [93589] [ERROR] Worker (pid:95768) was sent SIGSEGV!
[2026-02-28 21:55:21 +0500] [93589] [ERROR] Worker (pid:95769) was sent SIGSEGV!
[2026-02-28 21:55:21 +0500] [93589] [ERROR] Worker (pid:95770) was sent SIGSEGV!
[2026-02-28 21:55:21 +0500] [93589] [ERROR] Worker (pid:95771) was sent SIGSEGV!
[2026-02-28 21:55:21 +0500] [93589] [ERROR] Worker (pid:95774) was sent SIGSEGV!
[2026-02-28 21:55:21 +0500] [93589] [ERROR] Worker (pid:95775) was sent SIGSEGV!
[2026-02-28 21:55:22 +0500] [93589] [ERROR] Worker (pid:95777) was sent SIGSEGV!
[2026-02-28 21:55:22 +0500] [93589] [ERROR] Worker (pid:95778) was sent SIGSEGV!
[2026-02-28 21:55:22 +0500] [93589] [ERROR] Worker (pid:95781) was sent SIGSEGV!
[2026-02-28 21:55:22 +0500] [93589] [ERROR] Worker (pid:95782) was sent SIGSEGV!
[2026-02-28 21:55:22 +0500] [93589] [ERROR] Worker (pid:95783) was sent SIGSEGV!
[2026-02-28 21:55:22 +0500] [93589] [ERROR] Worker (pid:95784) was sent SIGSEGV!
[2026-02-28 21:55:22 +0500] [93589] [ERROR] Worker (pid:95787) was sent SIGSEGV!
[2026-02-28 21:55:23 +0500] [93589] [ERROR] Worker (pid:95788) was sent SIGSEGV!
[2026-02-28 21:55:23 +0500] [93589] [ERROR] Worker (pid:95789) was sent SIGSEGV!
[2026-02-28 21:55:23 +0500] [93589] [ERROR] Worker (pid:95790) was sent SIGSEGV!
[2026-02-28 21:55:23 +0500] [93589] [ERROR] Worker (pid:95793) was sent SIGSEGV!
[2026-02-28 21:55:23 +0500] [93589] [ERROR] Worker (pid:95794) was sent SIGSEGV!
[2026-02-28 21:55:23 +0500] [93589] [ERROR] Worker (pid:95796) was sent SIGSEGV!
[2026-02-28 21:55:23 +0500] [93589] [ERROR] Worker (pid:95797) was sent SIGSEGV!
[2026-02-28 21:55:24 +0500] [93589] [ERROR] Worker (pid:95800) was sent SIGSEGV!
[2026-02-28 21:55:24 +0500] [93589] [ERROR] Worker (pid:95801) was sent SIGSEGV!
[2026-02-28 21:55:24 +0500] [93589] [ERROR] Worker (pid:95802) was sent SIGSEGV!
[2026-02-28 21:55:24 +0500] [93589] [ERROR] Worker (pid:95803) was sent SIGSEGV!
[2026-02-28 21:55:24 +0500] [93589] [ERROR] Worker (pid:95806) was sent SIGSEGV!
[2026-02-28 21:55:24 +0500] [93589] [ERROR] Worker (pid:95809) was sent SIGSEGV!
[2026-02-28 21:55:24 +0500] [93589] [ERROR] Worker (pid:95812) was sent SIGSEGV!
[2026-02-28 21:55:24 +0500] [93589] [ERROR] Worker (pid:95813) was sent SIGSEGV!
[2026-02-28 21:55:25 +0500] [93589] [ERROR] Worker (pid:95817) was sent SIGSEGV!
[2026-02-28 21:55:25 +0500] [93589] [ERROR] Worker (pid:95819) was sent SIGSEGV!
[2026-02-28 21:55:25 +0500] [93589] [ERROR] Worker (pid:95820) was sent SIGSEGV!
[2026-02-28 21:55:25 +0500] [93589] [ERROR] Worker (pid:95822) was sent SIGSEGV!
[2026-02-28 21:55:25 +0500] [93589] [ERROR] Worker (pid:95825) was sent SIGSEGV!
[2026-02-28 21:55:25 +0500] [93589] [ERROR] Worker (pid:95826) was sent SIGSEGV!
[2026-02-28 21:55:25 +0500] [93589] [ERROR] Worker (pid:95827) was sent SIGSEGV!
[2026-02-28 21:55:26 +0500] [93589] [ERROR] Worker (pid:95828) was sent SIGSEGV!
[2026-02-28 21:55:26 +0500] [93589] [ERROR] Worker (pid:95831) was sent SIGSEGV!
[2026-02-28 21:55:26 +0500] [93589] [ERROR] Worker (pid:95832) was sent SIGSEGV!
[2026-02-28 21:55:26 +0500] [93589] [ERROR] Worker (pid:95833) was sent SIGSEGV!
[2026-02-28 21:55:26 +0500] [93589] [ERROR] Worker (pid:95834) was sent SIGSEGV!
[2026-02-28 21:55:26 +0500] [93589] [ERROR] Worker (pid:95837) was sent SIGSEGV!
[2026-02-28 21:55:27 +0500] [93589] [ERROR] Worker (pid:95839) was sent SIGSEGV!
[2026-02-28 21:55:27 +0500] [93589] [ERROR] Worker (pid:95840) was sent SIGSEGV!
[2026-02-28 21:55:27 +0500] [93589] [ERROR] Worker (pid:95841) was sent SIGSEGV!
[2026-02-28 21:55:27 +0500] [93589] [ERROR] Worker (pid:95844) was sent SIGSEGV!
[2026-02-28 21:55:27 +0500] [93589] [ERROR] Worker (pid:95845) was sent SIGSEGV!
[2026-02-28 21:55:27 +0500] [93589] [ERROR] Worker (pid:95846) was sent SIGSEGV!
[2026-02-28 21:55:27 +0500] [93589] [ERROR] Worker (pid:95847) was sent SIGSEGV!
[2026-02-28 21:55:28 +0500] [93589] [ERROR] Worker (pid:95850) was sent SIGSEGV!
[2026-02-28 21:55:28 +0500] [93589] [ERROR] Worker (pid:95851) was sent SIGSEGV!
[2026-02-28 21:55:28 +0500] [93589] [ERROR] Worker (pid:95852) was sent SIGSEGV!
[2026-02-28 21:55:28 +0500] [93589] [ERROR] Worker (pid:95853) was sent SIGSEGV!
[2026-02-28 21:55:28 +0500] [93589] [ERROR] Worker (pid:95856) was sent SIGSEGV!
[2026-02-28 21:55:28 +0500] [93589] [ERROR] Worker (pid:95857) was sent SIGSEGV!
[2026-02-28 21:55:29 +0500] [93589] [ERROR] Worker (pid:95860) was sent SIGSEGV!
[2026-02-28 21:55:29 +0500] [93589] [ERROR] Worker (pid:95865) was sent SIGSEGV!
[2026-02-28 21:55:29 +0500] [93589] [ERROR] Worker (pid:95868) was sent SIGSEGV!
[2026-02-28 21:55:29 +0500] [93589] [ERROR] Worker (pid:95869) was sent SIGSEGV!
[2026-02-28 21:55:29 +0500] [93589] [ERROR] Worker (pid:95870) was sent SIGSEGV!
[2026-02-28 21:55:29 +0500] [93589] [ERROR] Worker (pid:95871) was sent SIGSEGV!
[2026-02-28 21:55:29 +0500] [93589] [ERROR] Worker (pid:95874) was sent SIGSEGV!
[2026-02-28 21:55:30 +0500] [93589] [ERROR] Worker (pid:95875) was sent SIGSEGV!
[2026-02-28 21:55:30 +0500] [93589] [ERROR] Worker (pid:95876) was sent SIGSEGV!
[2026-02-28 21:55:30 +0500] [93589] [ERROR] Worker (pid:95877) was sent SIGSEGV!
[2026-02-28 21:55:30 +0500] [93589] [ERROR] Worker (pid:95881) was sent SIGSEGV!
[2026-02-28 21:55:30 +0500] [93589] [ERROR] Worker (pid:95882) was sent SIGSEGV!
[2026-02-28 21:55:30 +0500] [93589] [ERROR] Worker (pid:95883) was sent SIGSEGV!
[2026-02-28 21:55:30 +0500] [93589] [ERROR] Worker (pid:95884) was sent SIGSEGV!
[2026-02-28 21:55:31 +0500] [93589] [ERROR] Worker (pid:95887) was sent SIGSEGV!
[2026-02-28 21:55:31 +0500] [93589] [ERROR] Worker (pid:95888) was sent SIGSEGV!
[2026-02-28 21:55:31 +0500] [93589] [ERROR] Worker (pid:95889) was sent SIGSEGV!
[2026-02-28 21:55:31 +0500] [93589] [ERROR] Worker (pid:95890) was sent SIGSEGV!
[2026-02-28 21:55:31 +0500] [93589] [ERROR] Worker (pid:95893) was sent SIGSEGV!
[2026-02-28 21:55:31 +0500] [93589] [ERROR] Worker (pid:95894) was sent SIGSEGV!
[2026-02-28 21:55:31 +0500] [93589] [ERROR] Worker (pid:95895) was sent SIGSEGV!
[2026-02-28 21:55:32 +0500] [93589] [ERROR] Worker (pid:95896) was sent SIGSEGV!
[2026-02-28 21:55:32 +0500] [93589] [ERROR] Worker (pid:95900) was sent SIGSEGV!
[2026-02-28 21:55:33 +0500] [93589] [ERROR] Worker (pid:95901) was sent SIGSEGV!
[2026-02-28 21:55:33 +0500] [93589] [ERROR] Worker (pid:95902) was sent SIGSEGV!
[2026-02-28 21:55:33 +0500] [93589] [ERROR] Worker (pid:95903) was sent SIGSEGV!
[2026-02-28 21:55:33 +0500] [93589] [ERROR] Worker (pid:96057) was sent SIGSEGV!
[2026-02-28 21:55:33 +0500] [93589] [ERROR] Worker (pid:96206) was sent SIGSEGV!
[2026-02-28 21:55:34 +0500] [93589] [ERROR] Worker (pid:96281) was sent SIGSEGV!
[2026-02-28 21:55:34 +0500] [93589] [ERROR] Worker (pid:96282) was sent SIGSEGV!
[2026-02-28 21:55:34 +0500] [93589] [ERROR] Worker (pid:96286) was sent SIGSEGV!
[2026-02-28 21:55:34 +0500] [93589] [ERROR] Worker (pid:96289) was sent SIGSEGV!
[2026-02-28 21:55:34 +0500] [93589] [ERROR] Worker (pid:96290) was sent SIGSEGV!
[2026-02-28 21:55:34 +0500] [93589] [ERROR] Worker (pid:96291) was sent SIGSEGV!
[2026-02-28 21:55:34 +0500] [93589] [ERROR] Worker (pid:96294) was sent SIGSEGV!
[2026-02-28 21:55:35 +0500] [93589] [ERROR] Worker (pid:96295) was sent SIGSEGV!
[2026-02-28 21:55:35 +0500] [93589] [ERROR] Worker (pid:96296) was sent SIGSEGV!
[2026-02-28 21:55:35 +0500] [93589] [ERROR] Worker (pid:96297) was sent SIGSEGV!
[2026-02-28 21:55:35 +0500] [93589] [ERROR] Worker (pid:96300) was sent SIGSEGV!
[2026-02-28 21:55:35 +0500] [93589] [ERROR] Worker (pid:96301) was sent SIGSEGV!
[2026-02-28 21:55:35 +0500] [93589] [ERROR] Worker (pid:96302) was sent SIGSEGV!
[2026-02-28 21:55:35 +0500] [93589] [ERROR] Worker (pid:96303) was sent SIGSEGV!
[2026-02-28 21:55:36 +0500] [93589] [ERROR] Worker (pid:96307) was sent SIGSEGV!
[2026-02-28 21:55:36 +0500] [93589] [ERROR] Worker (pid:96308) was sent SIGSEGV!
[2026-02-28 21:55:36 +0500] [93589] [ERROR] Worker (pid:96309) was sent SIGSEGV!
[2026-02-28 21:55:36 +0500] [93589] [ERROR] Worker (pid:96310) was sent SIGSEGV!
[2026-02-28 21:55:36 +0500] [93589] [ERROR] Worker (pid:96313) was sent SIGSEGV!
[2026-02-28 21:55:36 +0500] [93589] [ERROR] Worker (pid:96314) was sent SIGSEGV!
[2026-02-28 21:55:36 +0500] [93589] [ERROR] Worker (pid:96315) was sent SIGSEGV!
[2026-02-28 21:55:37 +0500] [93589] [ERROR] Worker (pid:96316) was sent SIGSEGV!
[2026-02-28 21:55:37 +0500] [93589] [ERROR] Worker (pid:96321) was sent SIGSEGV!
[2026-02-28 21:55:37 +0500] [93589] [ERROR] Worker (pid:96324) was sent SIGSEGV!
[2026-02-28 21:55:37 +0500] [93589] [ERROR] Worker (pid:96325) was sent SIGSEGV!
[2026-02-28 21:55:37 +0500] [93589] [ERROR] Worker (pid:96326) was sent SIGSEGV!
[2026-02-28 21:55:38 +0500] [93589] [ERROR] Worker (pid:96330) was sent SIGSEGV!
[2026-02-28 21:55:38 +0500] [93589] [ERROR] Worker (pid:96331) was sent SIGSEGV!
[2026-02-28 21:55:38 +0500] [93589] [ERROR] Worker (pid:96334) was sent SIGSEGV!
[2026-02-28 21:55:38 +0500] [93589] [ERROR] Worker (pid:96338) was sent SIGSEGV!
[2026-02-28 21:55:38 +0500] [93589] [ERROR] Worker (pid:96341) was sent SIGSEGV!
[2026-02-28 21:55:38 +0500] [93589] [ERROR] Worker (pid:96342) was sent SIGSEGV!
[2026-02-28 21:55:38 +0500] [93589] [ERROR] Worker (pid:96343) was sent SIGSEGV!
[2026-02-28 21:55:38 +0500] [93589] [ERROR] Worker (pid:96344) was sent SIGSEGV!
[2026-02-28 21:55:39 +0500] [93589] [ERROR] Worker (pid:96349) was sent SIGSEGV!
[2026-02-28 21:55:39 +0500] [93589] [ERROR] Worker (pid:96351) was sent SIGSEGV!
[2026-02-28 21:55:39 +0500] [93589] [ERROR] Worker (pid:96354) was sent SIGSEGV!
[2026-02-28 21:55:40 +0500] [93589] [ERROR] Worker (pid:96356) was sent SIGSEGV!
[2026-02-28 21:55:40 +0500] [93589] [ERROR] Worker (pid:96461) was sent SIGSEGV!
[2026-02-28 21:55:40 +0500] [93589] [ERROR] Worker (pid:96558) was sent SIGSEGV!
[2026-02-28 21:55:40 +0500] [93589] [ERROR] Worker (pid:96631) was sent SIGSEGV!
[2026-02-28 21:55:41 +0500] [93589] [ERROR] Worker (pid:96632) was sent SIGSEGV!
[2026-02-28 21:55:41 +0500] [93589] [ERROR] Worker (pid:96636) was sent SIGSEGV!
[2026-02-28 21:55:41 +0500] [93589] [ERROR] Worker (pid:96640) was sent SIGSEGV!
[2026-02-28 21:55:41 +0500] [93589] [ERROR] Worker (pid:96643) was sent SIGSEGV!
[2026-02-28 21:55:41 +0500] [93589] [ERROR] Worker (pid:96644) was sent SIGSEGV!
[2026-02-28 21:55:41 +0500] [93589] [ERROR] Worker (pid:96647) was sent SIGSEGV!
[2026-02-28 21:55:41 +0500] [93589] [ERROR] Worker (pid:96648) was sent SIGSEGV!
[2026-02-28 21:55:42 +0500] [93589] [ERROR] Worker (pid:96649) was sent SIGSEGV!
[2026-02-28 21:55:42 +0500] [93589] [ERROR] Worker (pid:96650) was sent SIGSEGV!
[2026-02-28 21:55:42 +0500] [93589] [ERROR] Worker (pid:96653) was sent SIGSEGV!
[2026-02-28 21:55:42 +0500] [93589] [ERROR] Worker (pid:96655) was sent SIGSEGV!
[2026-02-28 21:55:42 +0500] [93589] [ERROR] Worker (pid:96658) was sent SIGSEGV!
[2026-02-28 21:55:42 +0500] [93589] [ERROR] Worker (pid:96659) was sent SIGSEGV!
[2026-02-28 21:55:43 +0500] [93589] [ERROR] Worker (pid:96662) was sent SIGSEGV!
[2026-02-28 21:55:43 +0500] [93589] [ERROR] Worker (pid:96663) was sent SIGSEGV!
[2026-02-28 21:55:43 +0500] [93589] [ERROR] Worker (pid:96669) was sent SIGSEGV!
[2026-02-28 21:55:43 +0500] [93589] [ERROR] Worker (pid:96670) was sent SIGSEGV!
[2026-02-28 21:55:43 +0500] [93589] [ERROR] Worker (pid:96674) was sent SIGSEGV!
[2026-02-28 21:55:43 +0500] [93589] [ERROR] Worker (pid:96675) was sent SIGSEGV!
[2026-02-28 21:55:44 +0500] [93589] [ERROR] Worker (pid:96676) was sent SIGSEGV!
[2026-02-28 21:55:44 +0500] [93589] [ERROR] Worker (pid:96679) was sent SIGSEGV!
[2026-02-28 21:55:44 +0500] [93589] [ERROR] Worker (pid:96682) was sent SIGSEGV!
[2026-02-28 21:55:44 +0500] [93589] [ERROR] Worker (pid:96683) was sent SIGSEGV!
[2026-02-28 21:55:44 +0500] [93589] [ERROR] Worker (pid:96684) was sent SIGSEGV!
[2026-02-28 21:55:44 +0500] [93589] [ERROR] Worker (pid:96685) was sent SIGSEGV!
[2026-02-28 21:55:44 +0500] [93589] [ERROR] Worker (pid:96688) was sent SIGSEGV!
[2026-02-28 21:55:45 +0500] [93589] [ERROR] Worker (pid:96689) was sent SIGSEGV!
[2026-02-28 21:55:45 +0500] [93589] [ERROR] Worker (pid:96690) was sent SIGSEGV!
[2026-02-28 21:55:45 +0500] [93589] [ERROR] Worker (pid:96692) was sent SIGSEGV!
[2026-02-28 21:55:45 +0500] [93589] [ERROR] Worker (pid:96697) was sent SIGSEGV!
[2026-02-28 21:55:45 +0500] [93589] [ERROR] Worker (pid:96700) was sent SIGSEGV!
[2026-02-28 21:55:45 +0500] [93589] [ERROR] Worker (pid:96702) was sent SIGSEGV!
[2026-02-28 21:55:45 +0500] [93589] [ERROR] Worker (pid:96703) was sent SIGSEGV!
[2026-02-28 21:55:46 +0500] [93589] [ERROR] Worker (pid:96706) was sent SIGSEGV!
[2026-02-28 21:55:46 +0500] [93589] [ERROR] Worker (pid:96707) was sent SIGSEGV!
[2026-02-28 21:55:46 +0500] [93589] [ERROR] Worker (pid:96708) was sent SIGSEGV!
[2026-02-28 21:55:46 +0500] [93589] [ERROR] Worker (pid:96709) was sent SIGSEGV!
[2026-02-28 21:55:46 +0500] [93589] [ERROR] Worker (pid:96712) was sent SIGSEGV!
[2026-02-28 21:55:47 +0500] [93589] [ERROR] Worker (pid:96713) was sent SIGSEGV!
[2026-02-28 21:55:47 +0500] [93589] [ERROR] Worker (pid:96715) was sent SIGSEGV!
[2026-02-28 21:55:47 +0500] [93589] [ERROR] Worker (pid:96716) was sent SIGSEGV!
[2026-02-28 21:55:47 +0500] [93589] [ERROR] Worker (pid:96720) was sent SIGSEGV!
[2026-02-28 21:55:47 +0500] [93589] [ERROR] Worker (pid:96721) was sent SIGSEGV!
[2026-02-28 21:55:47 +0500] [93589] [ERROR] Worker (pid:96722) was sent SIGSEGV!
[2026-02-28 21:55:47 +0500] [93589] [ERROR] Worker (pid:96723) was sent SIGSEGV!
[2026-02-28 21:55:48 +0500] [93589] [ERROR] Worker (pid:96726) was sent SIGSEGV!
[2026-02-28 21:55:48 +0500] [93589] [ERROR] Worker (pid:96727) was sent SIGSEGV!
[2026-02-28 21:55:48 +0500] [93589] [ERROR] Worker (pid:96728) was sent SIGSEGV!
[2026-02-28 21:55:48 +0500] [93589] [ERROR] Worker (pid:96734) was sent SIGSEGV!
[2026-02-28 21:55:48 +0500] [93589] [ERROR] Worker (pid:96737) was sent SIGSEGV!
[2026-02-28 21:55:48 +0500] [93589] [ERROR] Worker (pid:96738) was sent SIGSEGV!
[2026-02-28 21:55:48 +0500] [93589] [ERROR] Worker (pid:96739) was sent SIGSEGV!
[2026-02-28 21:55:49 +0500] [93589] [ERROR] Worker (pid:96741) was sent SIGSEGV!
[2026-02-28 21:55:49 +0500] [93589] [ERROR] Worker (pid:96744) was sent SIGSEGV!
[2026-02-28 21:55:49 +0500] [93589] [ERROR] Worker (pid:96745) was sent SIGSEGV!
[2026-02-28 21:55:49 +0500] [93589] [ERROR] Worker (pid:96746) was sent SIGSEGV!
[2026-02-28 21:55:49 +0500] [93589] [ERROR] Worker (pid:96748) was sent SIGSEGV!
[2026-02-28 21:55:49 +0500] [93589] [ERROR] Worker (pid:96754) was sent SIGSEGV!
[2026-02-28 21:55:49 +0500] [93589] [ERROR] Worker (pid:96755) was sent SIGSEGV!
[2026-02-28 21:55:49 +0500] [93589] [ERROR] Worker (pid:96756) was sent SIGSEGV!
[2026-02-28 21:55:50 +0500] [93589] [ERROR] Worker (pid:96757) was sent SIGSEGV!
[2026-02-28 21:55:50 +0500] [93589] [ERROR] Worker (pid:96760) was sent SIGSEGV!
[2026-02-28 21:55:50 +0500] [93589] [ERROR] Worker (pid:96761) was sent SIGSEGV!
[2026-02-28 21:55:50 +0500] [93589] [ERROR] Worker (pid:96762) was sent SIGSEGV!
[2026-02-28 21:55:50 +0500] [93589] [ERROR] Worker (pid:96764) was sent SIGSEGV!
[2026-02-28 21:55:50 +0500] [93589] [ERROR] Worker (pid:96767) was sent SIGSEGV!
[2026-02-28 21:55:51 +0500] [93589] [ERROR] Worker (pid:96768) was sent SIGSEGV!
[2026-02-28 21:55:51 +0500] [93589] [ERROR] Worker (pid:96769) was sent SIGSEGV!
[2026-02-28 21:55:51 +0500] [93589] [ERROR] Worker (pid:96770) was sent SIGSEGV!
[2026-02-28 21:55:51 +0500] [93589] [ERROR] Worker (pid:96773) was sent SIGSEGV!
[2026-02-28 21:55:51 +0500] [93589] [ERROR] Worker (pid:96774) was sent SIGSEGV!
[2026-02-28 21:55:51 +0500] [93589] [ERROR] Worker (pid:96775) was sent SIGSEGV!
[2026-02-28 21:55:51 +0500] [93589] [ERROR] Worker (pid:96776) was sent SIGSEGV!
[2026-02-28 21:55:52 +0500] [93589] [ERROR] Worker (pid:96779) was sent SIGSEGV!
[2026-02-28 21:55:52 +0500] [93589] [ERROR] Worker (pid:96780) was sent SIGSEGV!
[2026-02-28 21:55:52 +0500] [93589] [ERROR] Worker (pid:96781) was sent SIGSEGV!
[2026-02-28 21:55:52 +0500] [93589] [ERROR] Worker (pid:96783) was sent SIGSEGV!
[2026-02-28 21:55:52 +0500] [93589] [ERROR] Worker (pid:96786) was sent SIGSEGV!
[2026-02-28 21:55:52 +0500] [93589] [ERROR] Worker (pid:96787) was sent SIGSEGV!
[2026-02-28 21:55:53 +0500] [93589] [ERROR] Worker (pid:96788) was sent SIGSEGV!
[2026-02-28 21:55:53 +0500] [93589] [ERROR] Worker (pid:96789) was sent SIGSEGV!
[2026-02-28 21:55:53 +0500] [93589] [ERROR] Worker (pid:96793) was sent SIGSEGV!
[2026-02-28 21:55:53 +0500] [93589] [ERROR] Worker (pid:96799) was sent SIGSEGV!
[2026-02-28 21:55:53 +0500] [93589] [ERROR] Worker (pid:96800) was sent SIGSEGV!
[2026-02-28 21:55:53 +0500] [93589] [ERROR] Worker (pid:96803) was sent SIGSEGV!
[2026-02-28 21:55:54 +0500] [93589] [INFO] Handling signal: term
  ____________       _____________
 ____    |__( )_________  __/__  /________      __
____  /| |_  /__  ___/_  /_ __  /_  __ \_ | /| / /
___  ___ |  / _  /   _  __/ _  / / /_/ /_ |/ |/ /
 _/_/  |_/_/  /_/    /_/    /_/  \____/____/|__/
Running the Gunicorn Server with:
Workers: 4 sync
Host: 0.0.0.0:8080
Timeout: 120
Logfiles: - -
Access Logformat: 
=================================================================
[[34m2026-02-28T21:55:54.015+0500[0m] {[34mwebserver_command.py:[0m441} INFO[0m - Received signal: 15. Closing gunicorn.[0m
[2026-02-28 21:55:54 +0500] [93589] [ERROR] Worker (pid:96808) was sent SIGSEGV!
[2026-02-28 21:55:54 +0500] [93589] [ERROR] Worker (pid:96809) was sent SIGSEGV!
[2026-02-28 21:55:54 +0500] [93589] [ERROR] Worker (pid:96810) was sent SIGSEGV!
[2026-02-28 21:55:54 +0500] [93589] [ERROR] Worker (pid:96811) was sent SIGSEGV!
[2026-02-28 21:55:54 +0500] [93589] [INFO] Shutting down: Master
